-- MySQL dump 10.13  Distrib 8.0.32, for Linux (x86_64)
--
-- Host: localhost    Database: volunteer_management_system
-- ------------------------------------------------------
-- Server version	8.0.32-0ubuntu0.22.04.2

/*!40101 SET @OLD_CHARACTER_SET_CLIENT=@@CHARACTER_SET_CLIENT */;
/*!40101 SET @OLD_CHARACTER_SET_RESULTS=@@CHARACTER_SET_RESULTS */;
/*!40101 SET @OLD_COLLATION_CONNECTION=@@COLLATION_CONNECTION */;
/*!50503 SET NAMES utf8mb4 */;
/*!40103 SET @OLD_TIME_ZONE=@@TIME_ZONE */;
/*!40103 SET TIME_ZONE='+00:00' */;
/*!40014 SET @OLD_UNIQUE_CHECKS=@@UNIQUE_CHECKS, UNIQUE_CHECKS=0 */;
/*!40014 SET @OLD_FOREIGN_KEY_CHECKS=@@FOREIGN_KEY_CHECKS, FOREIGN_KEY_CHECKS=0 */;
/*!40101 SET @OLD_SQL_MODE=@@SQL_MODE, SQL_MODE='NO_AUTO_VALUE_ON_ZERO' */;
/*!40111 SET @OLD_SQL_NOTES=@@SQL_NOTES, SQL_NOTES=0 */;

--
-- Current Database: `volunteer_management_system`
--

CREATE DATABASE /*!32312 IF NOT EXISTS*/ `volunteer_management_system` /*!40100 DEFAULT CHARACTER SET utf8mb4 COLLATE utf8mb4_0900_ai_ci */ /*!80016 DEFAULT ENCRYPTION='N' */;

USE `volunteer_management_system`;

--
-- Table structure for table `branches`
--

DROP TABLE IF EXISTS `branches`;
/*!40101 SET @saved_cs_client     = @@character_set_client */;
/*!50503 SET character_set_client = utf8mb4 */;
CREATE TABLE `branches` (
  `branch_id` int NOT NULL AUTO_INCREMENT,
  `branch_name` varchar(64) NOT NULL,
  `street_number` int DEFAULT NULL,
  `street_name` varchar(64) DEFAULT NULL,
  `city` varchar(64) DEFAULT NULL,
  `branch_state` varchar(64) DEFAULT NULL,
  `postcode` int DEFAULT NULL,
  `email` varchar(64) NOT NULL,
  `phone` varchar(12) DEFAULT NULL,
  `image_url` varchar(256) DEFAULT NULL,
  `branch_description` varchar(1024) NOT NULL,
  `openingHours` datetime DEFAULT '2024-01-01 09:00:00',
  `closingHours` datetime DEFAULT '2024-01-01 17:00:00',
  PRIMARY KEY (`branch_id`)
) ENGINE=InnoDB AUTO_INCREMENT=11 DEFAULT CHARSET=utf8mb4 COLLATE=utf8mb4_0900_ai_ci;
/*!40101 SET character_set_client = @saved_cs_client */;

--
-- Dumping data for table `branches`
--

LOCK TABLES `branches` WRITE;
/*!40000 ALTER TABLE `branches` DISABLE KEYS */;
INSERT INTO `branches` VALUES (1,'Adelaide Mealmates',695,'Bridges Key','Adelaide','SA',2666,'adelaidebranch@mealmates.com.au','0468 734 980','/image/6','Ipsam iusto maiores officia iusto harum sunt necessitatibus. Vitae odit commodi. Ut repellendus ex quaerat.\n\nOdit harum nisi soluta animi excepturi. Sequi voluptas perspiciatis voluptatum explicabo eius. Voluptate voluptates facilis vitae adipisci placeat. Excepturi id doloribus aut nemo repudiandae eius. Sunt eveniet fugiat vitae.','2024-06-01 09:00:00','2024-06-01 18:00:00'),(2,'Sydney Mealmates',694,'Adam Strip','Sydney','NSW',2629,'sydneybranch@mealmates.com.au','0466 281 657','/image/3','Nemo laboriosam laborum laboriosam fugit iste. Sed magnam optio dolorum voluptates tenetur praesentium eius. Fugiat unde eaque sed cum quis iste. Rerum dolore veritatis a. Neque ut reprehenderit dolor quibusdam rem.\n\nOfficia dolorem impedit iste suscipit. Molestias quisquam molestiae aliquid occaecati assumenda. Beatae occaecati minima dolores quas modi ipsum. Hic repellat in corrupti quis. Sunt explicabo tempora.\n\nNumquam deserunt tenetur culpa nisi dicta totam. Corrupti voluptatum beatae nisi saepe eos. Distinctio quasi suscipit.','2024-06-01 08:30:00','2024-06-01 17:30:00'),(3,'Melbourne Mealmates',5,'Obrien Footway','Melbourne','VIC',2670,'melbournebranch@mealmates.com.au','0482 551 675','/image/4','Sequi cupiditate repudiandae sequi magnam. Odit asperiores nihil error. Nemo velit veniam sint blanditiis vitae. Mollitia repudiandae culpa quasi. Id maxime est voluptates. Nisi quam in ad consequuntur possimus similique perspiciatis.\n\nAmet natus quas. Quas et doloremque fugit consequatur qui odio. Exercitationem sunt aliquid dignissimos odio optio eos iste. Ipsam voluptatum fugiat laborum quo. Numquam nihil omnis magnam. Ullam animi hic quibusdam mollitia.','2024-06-01 09:30:00','2024-06-01 18:30:00'),(4,'Brisbane Mealmates',3,'Robert Key','Brisbane','QLD',2841,'brisbanebranch@mealmates.com.au','0437 198 139','/image/4','Vitae ratione sunt exercitationem. Cupiditate optio iure reiciendis. Molestias voluptate atque dolores similique. Ipsum harum dolor incidunt placeat nulla aut numquam. Veritatis accusantium ut enim voluptatibus.\n\nRatione ut nesciunt quasi sapiente iusto veniam aperiam. Asperiores assumenda vitae impedit. Ullam repellat hic odit est mollitia. Excepturi repellat similique cum suscipit. Quae blanditiis dolores debitis cupiditate laboriosam repellendus. Ipsum aliquid ex illo.','2024-06-01 08:00:00','2024-06-01 17:00:00'),(5,'Perth Mealmates',194,'Webb Mount','Perth','WA',2684,'perthbranch@mealmates.com.au','0479 974 123','/image/6','Cupiditate deserunt eos occaecati. Voluptate quia enim voluptatibus repellendus iusto iure. Optio corrupti repudiandae esse in facere ipsum pariatur.\n\nDignissimos possimus nam laudantium eveniet cumque nemo. Maxime eaque vel blanditiis ipsum at. Optio ab unde inventore quidem.\n\nSapiente voluptate culpa eaque doloribus. Nihil eveniet suscipit occaecati. Illo tempore reprehenderit iure aliquam iste aliquid.','2024-06-01 07:30:00','2024-06-01 16:30:00'),(6,'Canberra Mealmates',8,'Andrews Stairs','Canberra','ACT',2930,'canberrabranch@mealmates.com.au','0454 941 194','/image/9','Similique sit minima saepe possimus saepe facilis. Doloremque voluptates animi tempora adipisci ratione placeat provident. Similique asperiores hic ipsum perspiciatis unde.\n\nAdipisci consequuntur tenetur asperiores eveniet nulla. Neque nam quibusdam delectus. Facere natus vitae consequatur consectetur repellendus. Labore vitae itaque.','2024-06-01 09:00:00','2024-06-01 18:00:00'),(7,'Hobart Mealmates',464,'3 Kelley Wade','Hobart','TAS',2692,'hobartbranch@mealmates.com.au','0405 107 179','/image/9','Voluptate sapiente quas eaque nobis officiis nobis. Repellendus occaecati officiis unde rerum. Minima at perspiciatis earum ducimus iure.\n\nOfficiis fugiat unde optio. Adipisci repellat maiores velit voluptatum occaecati repellendus. Quis id ad.','2024-06-01 08:30:00','2024-06-01 17:30:00'),(8,'Darwin Mealmates',605,'Jeremy Crescent','Darwin','NT',2451,'darwinbranch@mealmates.com.au','0496 496 218','/image/2','Adipisci dolorum eos quod architecto. Ad veritatis possimus ipsa minus natus tenetur. Harum architecto dolorem eaque mollitia. Saepe recusandae ipsum ea eveniet quam. Placeat facere consequatur eius nam occaecati qui. Sequi consequuntur necessitatibus asperiores aspernatur tempore corrupti saepe.\n\nAut vel quis repellendus deleniti cumque. Eum animi sint asperiores labore porro aut eos. Doloribus eum sit quia occaecati animi illo. Voluptas iure pariatur quia perspiciatis unde iure. Iure eum nulla delectus inventore. Mollitia sint nam mollitia.','2024-06-01 09:00:00','2024-06-01 18:00:00'),(9,'Gold Coast Mealmates',6,'James Ramble','Gold Coast','QLD',2693,'goldcoastbranch@mealmates.com.au','0424 914 898','/image/2','Sequi sunt autem ipsam voluptatibus soluta. Perspiciatis illum sed quae. Hic accusamus mollitia dignissimos. Voluptatum explicabo fugiat dicta. Corrupti enim provident nam molestias. Non debitis cum accusamus tempora.\n\nDebitis sunt inventore occaecati. Quaerat eaque nisi. Itaque asperiores magnam accusantium blanditiis exercitationem. Velit labore necessitatibus voluptatibus libero. Doloribus consectetur est. Similique adipisci corporis officiis natus.\n\nTempora quos nesciunt earum aut omnis dolore tempore. Id distinctio voluptatem. A architecto pariatur maiores. Minima neque dolorum error. Fugit tempore neque quasi.','2024-06-01 08:00:00','2024-06-01 17:00:00'),(10,'Newcastle Mealmates',872,'Price Basin','Newcastle','NSW',5364,'newcastlebranch@mealmates.com.au','0488 668 418','/image/2','Repellendus modi nisi autem laborum laudantium. Ratione incidunt numquam modi itaque unde fugiat. Dolores voluptate optio aliquam aliquid.\n\nOfficiis recusandae accusantium adipisci quis nisi expedita. Omnis numquam fuga libero sunt porro. Beatae voluptas ea ut tempora ullam.\n\nEius totam aliquam ab aut ducimus odit. Quos voluptatum fuga animi. Enim quia deleniti dolore cum beatae. Voluptas quis quis recusandae autem in.','2024-06-01 07:30:00','2024-06-01 16:30:00');
/*!40000 ALTER TABLE `branches` ENABLE KEYS */;
UNLOCK TABLES;

--
-- Table structure for table `events`
--

DROP TABLE IF EXISTS `events`;
/*!40101 SET @saved_cs_client     = @@character_set_client */;
/*!50503 SET character_set_client = utf8mb4 */;
CREATE TABLE `events` (
  `event_id` int NOT NULL AUTO_INCREMENT,
  `branch_id` int NOT NULL,
  `event_name` varchar(64) NOT NULL,
  `start_date_time` datetime NOT NULL,
  `end_date_time` datetime DEFAULT NULL,
  `event_description` varchar(2048) NOT NULL,
  `event_details` varchar(4096) DEFAULT NULL,
  `event_location` varchar(64) DEFAULT NULL,
  `event_image` varchar(64) DEFAULT NULL,
  `is_public` tinyint(1) DEFAULT '0',
  PRIMARY KEY (`event_id`),
  KEY `branch_id` (`branch_id`),
  CONSTRAINT `events_ibfk_1` FOREIGN KEY (`branch_id`) REFERENCES `branches` (`branch_id`)
) ENGINE=InnoDB AUTO_INCREMENT=51 DEFAULT CHARSET=utf8mb4 COLLATE=utf8mb4_0900_ai_ci;
/*!40101 SET character_set_client = @saved_cs_client */;

--
-- Dumping data for table `events`
--

LOCK TABLES `events` WRITE;
/*!40000 ALTER TABLE `events` DISABLE KEYS */;
INSERT INTO `events` VALUES (1,9,'Mealmates Health Fair','2025-02-25 17:05:04','2025-02-25 18:05:04','Est quod sit eveniet. Suscipit corporis ad fugiat nostrum optio repellendus. Eaque neque voluptas dolore. Eaque iusto distinctio laborum rerum. Reiciendis similique officia sapiente odio vitae.','[\"Additional details here\", \"even more details can go here\", \"For more info contact CONTACTPERSON@mealmates.com\"]','47 Joseph Expressway\nPort Brendachester, QLD, 2697','/image/3',0),(2,10,'Mealmates Fundraising Gala','2024-09-10 00:32:06','2024-09-10 04:32:06','Magni harum saepe velit. Saepe porro est sint quam vero. Cupiditate animi assumenda debitis. Explicabo eaque praesentium.','[\"Additional details here\", \"even more details can go here\", \"For more info contact CONTACTPERSON@mealmates.com\"]','01/76 Rebecca Key\nGregoryview, VIC, 2628','/image/6',0),(3,1,'Mealmates Community Outreach','2024-10-13 15:37:32','2024-10-13 16:37:32','Doloribus in tenetur dolore modi qui quaerat. Adipisci accusantium dolores consequuntur aspernatur iste consectetur. Voluptatibus sit fugit. Voluptatibus cum doloribus sequi. Voluptate expedita doloremque accusantium at rem saepe.','[\"Additional details here\", \"even more details can go here\", \"For more info contact CONTACTPERSON@mealmates.com\"]','73 Daniel Lower\nPort Alexanderview, QLD, 2610','/image/6',1),(4,7,'Mealmates Meal Distribution','2025-06-13 15:21:56','2025-06-13 17:21:56','Veritatis aliquam voluptates numquam odio tenetur id. Minus in eos aspernatur nisi incidunt quis. Modi architecto quaerat doloribus accusantium. In iusto accusantium perferendis esse. Voluptate eaque consequuntur inventore. Eum officia aliquam rem.','[\"Additional details here\", \"even more details can go here\", \"For more info contact CONTACTPERSON@mealmates.com\"]','127 Joan Street\nNancymouth, WA, 8637','/image/10',0),(5,4,'Mealmates Charity Walk','2024-06-08 07:30:27','2024-06-08 09:30:27','Tempora quod ducimus dolore ea eum. Sint reiciendis ducimus iusto. Odit dolores veritatis pariatur.','[\"Additional details here\", \"even more details can go here\", \"For more info contact CONTACTPERSON@mealmates.com\"]','743 Tyler Tor\nNew Aprilhaven, WA, 2675','/image/10',1),(6,4,'Mealmates Meal Distribution','2025-03-12 17:26:44','2025-03-12 18:26:44','Explicabo officiis officia assumenda esse quas eveniet. Atque cupiditate adipisci maiores quo accusamus blanditiis minima. Ut commodi ipsam. Beatae recusandae veritatis molestias voluptatem. Voluptate quia aliquid ipsam consequatur veritatis.','[\"Additional details here\", \"even more details can go here\", \"For more info contact CONTACTPERSON@mealmates.com\"]','040 Kathleen End\nWest Dawn, NSW, 2646','/image/5',1),(7,2,'Mealmates Fundraising Gala','2024-12-28 02:53:45','2024-12-28 04:53:45','Eius similique expedita rerum. Explicabo temporibus omnis saepe atque. Natus tempore laborum ut aspernatur.','[\"Additional details here\", \"even more details can go here\", \"For more info contact CONTACTPERSON@mealmates.com\"]','2 Hughes Byway\nSouth Mitchell, WA, 2605','/image/8',0),(8,5,'Mealmates Cooking Class','2025-01-14 18:56:19','2025-01-14 20:56:19','Sint veniam sunt nobis dolorem necessitatibus. Eum recusandae facere tenetur explicabo laudantium doloremque molestias. Sequi eveniet commodi vitae corporis culpa.','[\"Additional details here\", \"even more details can go here\", \"For more info contact CONTACTPERSON@mealmates.com\"]','1 Valerie Dip\nNew Wendy, TAS, 2917','/image/3',1),(9,5,'Mealmates Art Therapy Session','2025-02-10 21:08:30','2025-02-11 00:08:30','Officiis laborum aspernatur facere natus saepe. Adipisci explicabo quibusdam quod. Eum voluptas autem atque soluta voluptatibus fugit. Cumque nam itaque rem recusandae vitae nulla. Soluta a eius earum est dolor aliquid eos. Iste nobis nam magnam atque quaerat aperiam.','[\"Additional details here\", \"even more details can go here\", \"For more info contact CONTACTPERSON@mealmates.com\"]','4 Robert View\nDanielborough, QLD, 2929','/image/3',1),(10,7,'Mealmates Garden Cleanup','2024-06-15 13:08:42','2024-06-15 14:08:42','Dolorum distinctio possimus iusto in et molestias voluptate. Veniam similique ad. Esse expedita earum occaecati earum aut. Repellat dolore repudiandae laudantium nisi modi.','[\"Additional details here\", \"even more details can go here\", \"For more info contact CONTACTPERSON@mealmates.com\"]','031 Lane Cove\nAmandachester, NSW, 4970','/image/7',0),(11,9,'Mealmates Job Skills Workshop','2024-10-06 21:36:33','2024-10-06 22:36:33','Sequi aliquam eius iure nihil nemo. Neque possimus nobis neque labore. Sit veniam architecto earum enim velit. Nisi officia accusamus quis dolorem dicta. Mollitia magnam dolorem iste reprehenderit aspernatur. Hic deleniti aliquam neque id.','[\"Additional details here\", \"even more details can go here\", \"For more info contact CONTACTPERSON@mealmates.com\"]','328/83 Lozano Entrance\nJordanmouth, WA, 7568','/image/7',1),(12,8,'Mealmates Nutrition Workshop','2025-04-15 05:33:47','2025-04-15 07:33:47','Iusto dignissimos atque alias accusamus unde. Soluta esse veniam vel. Quae molestiae laudantium veniam.','[\"Additional details here\", \"even more details can go here\", \"For more info contact CONTACTPERSON@mealmates.com\"]','7 Denise Intersection\nLake Randymouth, VIC, 6714','/image/4',1),(13,9,'Mealmates Meal Distribution','2024-09-16 18:59:16','2024-09-16 22:59:16','Cumque labore nesciunt nemo asperiores. Itaque officia ut. Autem eum sint officiis.','[\"Additional details here\", \"even more details can go here\", \"For more info contact CONTACTPERSON@mealmates.com\"]','Flat 98 2 Williams Dale\nWest Michelleview, ACT, 2633','/image/2',1),(14,1,'Mealmates Senior Support','2025-03-24 23:55:38','2025-03-25 03:55:38','Pariatur asperiores odio eum ea. Tempora autem iste cum quisquam velit distinctio. Nemo cumque atque veritatis repellendus. Tempore illum consequatur sint. Repudiandae reiciendis libero iure corporis quod. Cum enim aliquid nemo consequuntur facilis.','[\"Additional details here\", \"even more details can go here\", \"For more info contact CONTACTPERSON@mealmates.com\"]','Level 1 96 Brian Link\nJamesmouth, NT, 2608','/image/9',0),(15,9,'Mealmates Meal Distribution','2024-11-17 11:14:55','2024-11-17 13:14:55','Ipsam delectus magnam nobis nemo cum natus. Voluptatibus atque pariatur ipsa. At laudantium perspiciatis accusantium excepturi.','[\"Additional details here\", \"even more details can go here\", \"For more info contact CONTACTPERSON@mealmates.com\"]','74 Wilson Brace\nNew Kenneth, WA, 2966','/image/8',1),(16,8,'Mealmates Art Therapy Session','2025-03-30 01:00:06','2025-03-30 05:00:06','Et aut aliquid occaecati consequuntur nemo. Autem atque soluta in accusantium. Non quos autem omnis vel voluptate.','[\"Additional details here\", \"even more details can go here\", \"For more info contact CONTACTPERSON@mealmates.com\"]','2 Lindsey Trunkway\nNicholasville, VIC, 2843','/image/4',1),(17,7,'Mealmates Community Outreach','2025-02-16 14:07:56','2025-02-16 16:07:56','Aliquam vitae omnis vitae temporibus alias illum repellendus. Ratione enim ducimus similique alias. Quisquam excepturi temporibus doloribus. Est ut aliquid sit.','[\"Additional details here\", \"even more details can go here\", \"For more info contact CONTACTPERSON@mealmates.com\"]','143 Jones Estate\nEast Jordanchester, QLD, 1353','/image/6',0),(18,8,'Mealmates Community Picnic','2025-06-14 04:54:04','2025-06-14 05:54:04','Ipsa dolor provident ipsa sequi id quae. Dignissimos voluptatem incidunt error. Molestiae eum numquam minus ipsum fugiat impedit. Quam culpa nesciunt accusantium odio ex. Illum maxime nulla.','[\"Additional details here\", \"even more details can go here\", \"For more info contact CONTACTPERSON@mealmates.com\"]','373 Hubbard Subway\nMeghanchester, WA, 2321','/image/7',0),(19,5,'Mealmates Community Picnic','2025-02-15 17:19:46','2025-02-15 21:19:46','Vitae in doloribus fugit ratione perferendis. Commodi nobis accusamus iusto ea aperiam. Eligendi explicabo iusto officiis dolore sed. Sapiente aperiam minima quo eligendi quo quis. Quaerat eveniet reprehenderit adipisci harum incidunt nam soluta.','[\"Additional details here\", \"even more details can go here\", \"For more info contact CONTACTPERSON@mealmates.com\"]','99/21 Justin Gully\nLake Amy, WA, 2587','/image/9',1),(20,9,'Mealmates Community Picnic','2025-03-27 10:40:55','2025-03-27 14:40:55','Maxime iusto libero iure nisi similique eligendi. Possimus eius nulla autem. Nemo sapiente dolor eaque. Quisquam sint impedit in placeat.','[\"Additional details here\", \"even more details can go here\", \"For more info contact CONTACTPERSON@mealmates.com\"]','Unit 47 38 Joshua Slope\nRickyland, VIC, 2971','/image/5',1),(21,8,'Mealmates Art Therapy Session','2025-03-20 20:18:17','2025-03-21 00:18:17','Eum rem modi rerum animi debitis. Reprehenderit saepe quas perspiciatis id eos. Atque corporis accusamus aliquid iusto expedita. Deserunt inventore modi dolore suscipit pariatur. Optio iure magnam.','[\"Additional details here\", \"even more details can go here\", \"For more info contact CONTACTPERSON@mealmates.com\"]','Suite 376 181 Patrick Wade\nLake Samuel, WA, 0271','/image/4',0),(22,10,'Mealmates Holiday Celebration','2025-04-18 04:07:00','2025-04-18 05:07:00','Voluptates tempore voluptates eum sunt ratione perspiciatis. Placeat ex dicta. Deleniti minima praesentium voluptate animi ab. Ab voluptates facere laudantium ea laudantium facere. Repellendus hic earum dolorem. Facilis asperiores commodi culpa unde ducimus voluptates facere.','[\"Additional details here\", \"even more details can go here\", \"For more info contact CONTACTPERSON@mealmates.com\"]','437 Vaughan Highroad\nNew Amandamouth, WA, 6407','/image/3',1),(23,7,'Mealmates Health Fair','2025-05-28 14:43:05','2025-05-28 18:43:05','Repudiandae labore ducimus dolor provident atque ipsam eius. Consectetur voluptatum eos error harum facilis harum. Quas optio cumque excepturi. Quasi dolores dolorum blanditiis quia. Odit magnam nulla.','[\"Additional details here\", \"even more details can go here\", \"For more info contact CONTACTPERSON@mealmates.com\"]','695 Burton Crossing\nLynchtown, SA, 2943','/image/7',0),(24,7,'Mealmates Environmental Cleanup','2025-02-09 06:56:43','2025-02-09 07:56:43','Autem tempora itaque cum. Dolor quas deserunt ipsum soluta. Dicta placeat praesentium temporibus. Recusandae repellat asperiores velit quos corrupti architecto. At voluptates rerum aliquam aspernatur amet esse. Asperiores ipsam dolorum illo quaerat nihil delectus.','[\"Additional details here\", \"even more details can go here\", \"For more info contact CONTACTPERSON@mealmates.com\"]','23 Hill Plaza\nNew Jose, VIC, 2199','/image/3',0),(25,10,'Mealmates Nutrition Workshop','2024-12-01 00:38:25','2024-12-01 04:38:25','Atque voluptatibus incidunt atque voluptates itaque. Rem tempora placeat sit quis fugiat laboriosam. Distinctio pariatur corporis quos similique distinctio inventore. Eius aliquid illo maiores consectetur.','[\"Additional details here\", \"even more details can go here\", \"For more info contact CONTACTPERSON@mealmates.com\"]','723 Jessica Break\nErictown, WA, 9701','/image/6',0),(26,6,'Mealmates Youth Mentoring','2025-03-12 02:09:15','2025-03-12 03:09:15','Cumque eum tempora sunt nostrum delectus. Architecto labore rem animi. Tempore facilis ipsa veritatis. Blanditiis voluptatibus magni doloribus praesentium. Possimus dolorem nulla reiciendis. Natus consequuntur consectetur ab iusto ut laboriosam.','[\"Additional details here\", \"even more details can go here\", \"For more info contact CONTACTPERSON@mealmates.com\"]','2 Adam Rosebowl\nNorth Rachelburgh, SA, 9426','/image/2',1),(27,2,'Mealmates Cooking Class','2025-05-10 02:36:34','2025-05-10 05:36:34','Tempore perspiciatis recusandae eveniet. Numquam deleniti id sed totam. Odio velit at quam consectetur. Architecto minus ullam excepturi perferendis. Natus similique quia tenetur quibusdam sed accusamus.','[\"Additional details here\", \"even more details can go here\", \"For more info contact CONTACTPERSON@mealmates.com\"]','55 Tate Highroad\nJacksonville, NSW, 2456','/image/10',0),(28,6,'Mealmates Cultural Festival','2024-09-10 02:59:02','2024-09-10 06:59:02','Ab porro pariatur id laboriosam quasi. Dolores facilis harum adipisci ut placeat necessitatibus. Mollitia fuga nulla assumenda. Quae nemo quaerat nobis quos iusto at.','[\"Additional details here\", \"even more details can go here\", \"For more info contact CONTACTPERSON@mealmates.com\"]','61/62 Hampton Cross\nNew Mark, TAS, 7894','/image/9',0),(29,6,'Mealmates Meal Distribution','2024-10-31 12:43:24','2024-10-31 15:43:24','Placeat perferendis recusandae fugit soluta et. Repudiandae maiores sit quas porro. Animi doloribus tenetur nisi esse animi soluta.','[\"Additional details here\", \"even more details can go here\", \"For more info contact CONTACTPERSON@mealmates.com\"]','669 Peterson Little\nJuliaberg, WA, 2920','/image/9',0),(30,2,'Mealmates Cultural Festival','2024-09-28 06:34:08','2024-09-28 07:34:08','Impedit repellendus totam. Adipisci optio neque ad perferendis aliquam. At ex perspiciatis quam ipsa. Cumque laboriosam illo illum aut numquam minima. Quibusdam accusantium earum autem natus quo.','[\"Additional details here\", \"even more details can go here\", \"For more info contact CONTACTPERSON@mealmates.com\"]','4 Joseph Roadside\nPort Leah, VIC, 2911','/image/10',1),(31,1,'Mealmates Job Skills Workshop','2025-03-14 05:21:12','2025-03-14 07:21:12','Accusamus est praesentium quia consequuntur necessitatibus eius provident. Ad nisi labore delectus. Vero iusto temporibus maxime reiciendis culpa vel.','[\"Additional details here\", \"even more details can go here\", \"For more info contact CONTACTPERSON@mealmates.com\"]','Level 9 402 Justin Mews\nNew Joville, SA, 2613','/image/2',0),(32,9,'Mealmates Meal Distribution','2024-10-07 10:07:19','2024-10-07 14:07:19','Qui libero sunt distinctio. Sequi eligendi animi ad nulla. Minima vero nobis dolores. Impedit rem quo occaecati quia nobis voluptatum. Repudiandae alias dolorum placeat aliquid delectus esse.','[\"Additional details here\", \"even more details can go here\", \"For more info contact CONTACTPERSON@mealmates.com\"]','9 Michelle Deviation\nLake Rhondaton, VIC, 2961','/image/9',1),(33,1,'Mealmates Job Skills Workshop','2025-05-19 08:42:29','2025-05-19 10:42:29','Incidunt consequatur laborum. Sed aliquid consequuntur ut vero. Eum dolore doloremque repellat.','[\"Additional details here\", \"even more details can go here\", \"For more info contact CONTACTPERSON@mealmates.com\"]','Unit 89 22 Saunders Fairway\nSt. Ryan, QLD, 2962','/image/5',1),(34,6,'Mealmates Community Picnic','2025-06-22 20:02:11','2025-06-22 21:02:11','Fugit ullam quidem perspiciatis maxime pariatur doloribus. Modi cupiditate fuga. Error ad hic laboriosam saepe aliquid vel neque.','[\"Additional details here\", \"even more details can go here\", \"For more info contact CONTACTPERSON@mealmates.com\"]','Apt. 642 851 Harris Service Way\nPort Craigtown, TAS, 2491','/image/6',0),(35,1,'Mealmates Holiday Celebration','2024-08-23 01:56:07','2024-08-23 02:56:07','Magni laudantium modi distinctio similique. Sint delectus neque recusandae eaque. Placeat provident fugit deleniti vero nostrum.','[\"Additional details here\", \"even more details can go here\", \"For more info contact CONTACTPERSON@mealmates.com\"]','Level 7 0 Reginald Link\nSt. Ericville, NT, 7864','/image/4',0),(36,1,'Mealmates Fundraising Gala','2024-10-04 19:52:19','2024-10-04 23:52:19','Itaque pariatur libero quia molestiae. Accusantium consequuntur cupiditate voluptatem. Id nostrum quo corporis id tempora.','[\"Additional details here\", \"even more details can go here\", \"For more info contact CONTACTPERSON@mealmates.com\"]','21 Nunez Drive\nLake Christopherfurt, WA, 2557','/image/8',0),(37,1,'Mealmates Holiday Celebration','2024-05-22 07:10:44','2024-05-22 10:10:44','Explicabo mollitia quidem iste nobis esse fuga tenetur. Eos explicabo tempore optio dolore. Aut provident quos error autem. Voluptatum aspernatur eos. Distinctio deserunt laboriosam ipsum nam rerum. Quidem aliquam mollitia cumque fugiat nesciunt eveniet.','[\"Additional details here\", \"even more details can go here\", \"For more info contact CONTACTPERSON@mealmates.com\"]','8 Fernandez Towers\nShelleyberg, NSW, 2675','/image/5',1),(38,6,'Mealmates Volunteer Training','2024-05-17 17:57:22','2024-05-17 18:57:22','Vel repellat quod consequuntur. Exercitationem occaecati totam vitae quidem. Neque nam blanditiis eligendi at repellat. Nisi nesciunt quos quis soluta. Debitis dolore pariatur itaque. Odit quidem pariatur deserunt quas eligendi.','[\"Additional details here\", \"even more details can go here\", \"For more info contact CONTACTPERSON@mealmates.com\"]','7/757 Steven Heights\nChristinaville, VIC, 0997','/image/3',1),(39,5,'Mealmates Health Fair','2024-10-14 13:29:25','2024-10-14 16:29:25','Tempora repellat aspernatur eaque dolorum officia. Adipisci consequuntur consectetur velit. Autem rem consectetur autem quisquam temporibus. Eius repellendus hic cupiditate doloribus quasi possimus.','[\"Additional details here\", \"even more details can go here\", \"For more info contact CONTACTPERSON@mealmates.com\"]','98 Elizabeth Vista\nLake Kevinhaven, NT, 2671','/image/4',1),(40,3,'Mealmates Food Drive','2024-05-19 11:15:45','2024-05-19 12:15:45','Recusandae optio culpa iure asperiores hic alias nisi. Voluptatibus quam itaque neque ipsum laborum. Perferendis velit necessitatibus quis inventore totam.','[\"Additional details here\", \"even more details can go here\", \"For more info contact CONTACTPERSON@mealmates.com\"]','19/89 Hall Upper\nGeorgefurt, NSW, 2920','/image/10',0),(41,7,'Mealmates Garden Cleanup','2024-08-11 05:19:21','2024-08-11 06:19:21','Consequatur autem suscipit dolores. Quae a inventore dolore ullam nisi odit. At commodi magni sunt iste pariatur alias.','[\"Additional details here\", \"even more details can go here\", \"For more info contact CONTACTPERSON@mealmates.com\"]','230/974 Griffin Square\nCollinsland, VIC, 2915','/image/9',1),(42,6,'Mealmates Community Outreach','2025-01-09 10:58:37','2025-01-09 11:58:37','Quis suscipit commodi quisquam. Fugiat error perferendis nulla repellat. Dicta harum consequatur repellat id aut. Nesciunt animi praesentium sequi cumque totam.','[\"Additional details here\", \"even more details can go here\", \"For more info contact CONTACTPERSON@mealmates.com\"]','863/400 Harris Towers\nNorth Alexismouth, VIC, 2620','/image/4',0),(43,3,'Mealmates Senior Support','2024-09-29 07:08:49','2024-09-29 08:08:49','Harum recusandae earum provident perspiciatis. Delectus deserunt repellendus cupiditate. Sit corrupti possimus magnam maxime. Impedit recusandae necessitatibus sint eius nam hic. Atque hic praesentium illo perferendis libero.','[\"Additional details here\", \"even more details can go here\", \"For more info contact CONTACTPERSON@mealmates.com\"]','Level 9 341 Jacob Front\nWest Justin, NT, 7364','/image/3',1),(44,10,'Mealmates Environmental Cleanup','2025-04-21 03:44:39','2025-04-21 06:44:39','Officiis quasi similique corporis. Eius facilis laudantium recusandae occaecati quis natus. Nemo repellendus delectus repudiandae sapiente expedita repudiandae. Nulla temporibus dicta expedita nostrum molestiae at. Ea tempore cumque praesentium veniam est. At esse totam reprehenderit nemo quis.','[\"Additional details here\", \"even more details can go here\", \"For more info contact CONTACTPERSON@mealmates.com\"]','362/499 Ana Lookout\nLuisshire, SA, 2089','/image/7',1),(45,9,'Mealmates Environmental Cleanup','2025-04-24 03:48:30','2025-04-24 05:48:30','Nam iusto necessitatibus saepe quia harum. Odio quasi recusandae animi dolorem tempore. Libero fuga totam ut mollitia soluta. Pariatur ut vero consequatur sapiente esse laborum. Libero alias a perferendis ipsam.','[\"Additional details here\", \"even more details can go here\", \"For more info contact CONTACTPERSON@mealmates.com\"]','4 Tara Esplanade\nGonzalezhaven, ACT, 2941','/image/8',1),(46,8,'Mealmates Cultural Festival','2024-05-31 03:57:42','2024-05-31 05:57:42','Assumenda occaecati dolores repudiandae quaerat. Doloribus odit expedita cumque sed repellendus. Magni inventore sed maxime dicta architecto quis. Ipsam doloremque veniam possimus vero mollitia. Ea autem neque illo soluta accusantium quae.','[\"Additional details here\", \"even more details can go here\", \"For more info contact CONTACTPERSON@mealmates.com\"]','430 Justin Expressway\nPatriciaside, TAS, 2449','/image/9',1),(47,1,'Mealmates Environmental Cleanup','2025-01-09 02:20:23','2025-01-09 04:20:23','Officiis nihil est. Hic aliquam perspiciatis dolorum corrupti. Est modi assumenda quidem. Fuga quibusdam ipsam est accusantium.','[\"Additional details here\", \"even more details can go here\", \"For more info contact CONTACTPERSON@mealmates.com\"]','Apt. 047 651 Brooke Arcade\nJosephstad, NSW, 2920','/image/7',1),(48,9,'Mealmates Community Outreach','2024-10-18 21:14:46','2024-10-18 22:14:46','Sunt placeat magnam. Voluptatem quod laudantium deleniti numquam laborum. Reiciendis architecto tenetur unde optio excepturi amet modi. Aliquam vel repudiandae. Consectetur rerum dolorem at repellat. Repellat quisquam dolore maxime molestiae quia.','[\"Additional details here\", \"even more details can go here\", \"For more info contact CONTACTPERSON@mealmates.com\"]','1 Proctor Glade\nSouth Patricia, TAS, 1198','/image/5',1),(49,5,'Mealmates Garden Cleanup','2025-03-22 15:18:30','2025-03-22 19:18:30','Aspernatur impedit doloremque officia tempora quam. Vel officiis a dignissimos. Enim nulla architecto debitis fugiat. Asperiores impedit error quae. Veniam expedita debitis hic numquam. Quas impedit a.','[\"Additional details here\", \"even more details can go here\", \"For more info contact CONTACTPERSON@mealmates.com\"]','Flat 28 0 May Brace\nKellyland, NSW, 2920','/image/8',1),(50,6,'Mealmates Food Drive','2025-06-23 21:12:35','2025-06-23 23:12:35','Temporibus hic omnis eos esse dicta. Magni laudantium iusto veniam omnis commodi. Tempora occaecati voluptatibus voluptatum.','[\"Additional details here\", \"even more details can go here\", \"For more info contact CONTACTPERSON@mealmates.com\"]','6/87 Rosario Beach\nBrandonfurt, QLD, 0917','/image/8',0);
/*!40000 ALTER TABLE `events` ENABLE KEYS */;
UNLOCK TABLES;

--
-- Table structure for table `images`
--

DROP TABLE IF EXISTS `images`;
/*!40101 SET @saved_cs_client     = @@character_set_client */;
/*!50503 SET character_set_client = utf8mb4 */;
CREATE TABLE `images` (
  `image_id` int NOT NULL AUTO_INCREMENT,
  `branch_id` int DEFAULT NULL,
  `public` tinyint(1) DEFAULT '0',
  `filetype` varchar(64) DEFAULT NULL,
  `file_name_rand` binary(16) DEFAULT (uuid_to_bin(uuid())),
  `file_name_orig` varchar(256) DEFAULT NULL,
  PRIMARY KEY (`image_id`),
  UNIQUE KEY `file_name_rand` (`file_name_rand`),
  KEY `branch_id` (`branch_id`),
  CONSTRAINT `images_ibfk_1` FOREIGN KEY (`branch_id`) REFERENCES `branches` (`branch_id`) ON DELETE CASCADE
) ENGINE=InnoDB AUTO_INCREMENT=11 DEFAULT CHARSET=utf8mb4 COLLATE=utf8mb4_0900_ai_ci;
/*!40101 SET character_set_client = @saved_cs_client */;

--
-- Dumping data for table `images`
--

LOCK TABLES `images` WRITE;
/*!40000 ALTER TABLE `images` DISABLE KEYS */;
INSERT INTO `images` VALUES (1,1,1,'image/png',_binary 'ô∞{\ﬁ)F\ÔÜMB¨\0','default_profile.png'),(2,1,1,'image/jpeg',_binary '°?9T)F\ÔÜMB¨\0','food_truck.jpg'),(3,1,1,'image/jpeg',_binary '•π§()F\ÔÜMB¨\0','gardening.jpg'),(4,1,1,'image/jpeg',_binary '´\ı~)F\ÔÜMB¨\0','handing_out_food.jpg'),(5,1,1,'image/jpeg',_binary 'Ø~f˚)F\ÔÜMB¨\0','packing_boxes.jpg'),(6,1,1,'image/jpeg',_binary 'µ\ËK1)F\ÔÜMB¨\0','packing_boxes.jpg'),(7,1,1,'image/jpeg',_binary 'º-]a)F\ÔÜMB¨\0','people_with_box.jpg'),(8,1,1,'image/jpeg',_binary 'øÅM\Î)F\ÔÜMB¨\0','potatos.jpg'),(9,1,1,'image/jpeg',_binary '\≈o\◊)F\ÔÜMB¨\0','sausage_sizzle.jpg'),(10,1,1,'image/jpeg',_binary '\….\Ë)F\ÔÜMB¨\0','volunteer-small.jpg');
/*!40000 ALTER TABLE `images` ENABLE KEYS */;
UNLOCK TABLES;

--
-- Table structure for table `news`
--

DROP TABLE IF EXISTS `news`;
/*!40101 SET @saved_cs_client     = @@character_set_client */;
/*!50503 SET character_set_client = utf8mb4 */;
CREATE TABLE `news` (
  `article_id` int NOT NULL AUTO_INCREMENT,
  `branch_id` int NOT NULL,
  `title` varchar(128) NOT NULL,
  `content` varchar(4096) NOT NULL,
  `is_public` tinyint(1) DEFAULT '0',
  `date_published` date DEFAULT (curdate()),
  `image_url` varchar(64) DEFAULT NULL,
  PRIMARY KEY (`article_id`),
  KEY `branch_id` (`branch_id`),
  CONSTRAINT `news_ibfk_1` FOREIGN KEY (`branch_id`) REFERENCES `branches` (`branch_id`)
) ENGINE=InnoDB AUTO_INCREMENT=51 DEFAULT CHARSET=utf8mb4 COLLATE=utf8mb4_0900_ai_ci;
/*!40101 SET character_set_client = @saved_cs_client */;

--
-- Dumping data for table `news`
--

LOCK TABLES `news` WRITE;
/*!40000 ALTER TABLE `news` DISABLE KEYS */;
INSERT INTO `news` VALUES (1,8,'Senior Support Program Makes a Difference in Lives','Tempore eligendi asperiores eos expedita. Nemo itaque corrupti expedita. Doloremque accusamus mollitia molestiae ea molestias. Rerum maxime mollitia in. Corrupti dolor quisquam adipisci temporibus. Ipsam facere incidunt dolores. Sit cum ratione aperiam mollitia. Consequuntur omnis possimus sit voluptate nulla. Aut vitae fuga dolorum impedit. Autem perspiciatis qui praesentium aspernatur veritatis.',1,'2023-06-22','/image/7'),(2,3,'Community Rallies Together for Annual Food Drive','Dolor vero possimus aut voluptatum. Quasi numquam ex aspernatur. Sint maiores laboriosam tempora nam. Eum sunt voluptates magni ratione quae odio. Qui at labore hic. Sed sed aut odio perspiciatis repellendus adipisci. Sit nihil aliquam minima ducimus libero nulla. Facere vel alias quam sunt ab minima facilis.',1,'2024-03-26','/image/6'),(3,6,'Cultural Festival Celebrates Diversity and Inclusion','Laborum optio quia inventore totam. Dolor doloremque ipsa maiores ut asperiores. Hic dolore ad itaque suscipit provident dolorum veniam. Quisquam harum dolore animi minus sed. Explicabo dolorum vero eos modi laboriosam. Sed eaque voluptatibus similique. Ullam maiores illum atque. Facere veritatis pariatur ab rem numquam nisi. Distinctio blanditiis error voluptates ea tempore alias. Placeat eum nam dolor.',0,'2024-01-25','/image/5'),(4,8,'Local Business Partners with Mealmates for Meal Distribution','Ipsa quisquam impedit repellendus ea. Facere dolorum cumque laboriosam perferendis. Quo quia possimus maxime quis cum consectetur minus. Nihil unde dolore rem voluptas et distinctio. Enim tenetur nesciunt harum animi illum sit.',1,'2024-03-09','/image/7'),(5,1,'Environmental Cleanup Effort Improves Local Park','Sed non maxime excepturi itaque magnam enim assumenda. At animi dolorem laborum. Quae hic officia adipisci rem sequi corporis. Ipsam qui dolore culpa velit. Minima quo odio vero. Libero minus quibusdam magni sit illo.',1,'2024-01-18','/image/10'),(6,2,'Cooking Class Empowers Community with Healthy Recipes','At nemo iure quibusdam illum. Quas maxime excepturi saepe suscipit possimus minima. Quo neque vitae itaque vero saepe laborum. Aspernatur molestias optio nam eos. Cupiditate repellat veritatis ut accusamus quae veritatis. Cum id iusto voluptas excepturi ex. Doloremque sint nesciunt quidem placeat totam et. Rem distinctio consectetur occaecati debitis dignissimos. Praesentium praesentium adipisci eaque ducimus. Omnis asperiores nostrum ab illo.',0,'2024-03-02','/image/7'),(7,7,'Behind the Scenes: A Day in the Life of a Mealmates Volunteer','Asperiores ducimus hic accusantium voluptas asperiores unde. Officia iure consequatur perspiciatis molestiae. Eveniet magnam quis. Vel id delectus optio. Alias earum est dolorum deserunt consequatur excepturi. Eligendi dolore pariatur totam tempore natus corporis. Molestiae praesentium autem ipsam ab labore totam.',0,'2024-03-27','/image/10'),(8,4,'Art Therapy Session Provides Creative Outlet for Participants','Ad ipsa odio incidunt tenetur soluta sed. Voluptates aperiam facere at magnam suscipit. Omnis laborum iure voluptas laboriosam laborum. Non earum debitis. Accusantium illo corporis eaque provident magnam quidem. In quis harum. Itaque eaque ducimus esse totam tempore iure deleniti. Tempora non quam doloribus doloremque. Saepe ipsa nulla. Itaque blanditiis doloribus vel harum.',0,'2023-09-09','/image/2'),(9,6,'Emergency Relief Effort Assists Families in Need','Veniam quia voluptatibus amet. Voluptates ad blanditiis occaecati quaerat provident. At possimus distinctio sed cumque. Nihil nesciunt similique numquam inventore tempora. Voluptatum illum sequi quibusdam. Aut porro cum aut debitis optio voluptatibus. Aspernatur consequuntur accusamus deleniti. Consectetur atque autem expedita similique alias. Fuga distinctio nobis magni sint nihil.',1,'2023-09-04','/image/9'),(10,4,'Food Drive Collects Thousands of Donations','Quibusdam modi placeat tempora. Quisquam reiciendis officia similique esse. Odio laborum ab eum. Illo modi perspiciatis ipsa amet repellat. Pariatur neque praesentium. Ullam dolorum natus cum magnam voluptates assumenda repudiandae. In possimus distinctio eos fugit. Voluptate corrupti laborum corporis reiciendis autem. Adipisci sunt ut.',1,'2024-03-06','/image/2'),(11,5,'Art Therapy Session Provides Creative Outlet for Participants','Debitis sequi expedita eveniet. Error dignissimos placeat facere accusamus. Autem numquam veritatis ipsum tempore perferendis aperiam. Repellat qui beatae in. Iste quae distinctio voluptatem. Eum omnis natus placeat voluptatibus exercitationem accusantium. Accusantium doloremque id eius debitis. Quisquam nobis officia facere. Consectetur ipsam delectus quae. Laudantium ratione perferendis dolore velit.',0,'2023-11-14','/image/5'),(12,3,'Testimonials: Hear from Those We‚Äôve Helped','Ex totam doloremque beatae. Voluptatibus atque quis quae. Aperiam aspernatur incidunt cumque veritatis. Aperiam similique maxime consequuntur numquam perspiciatis eligendi. Ratione eveniet distinctio vero eius officia delectus. Dolor deleniti nisi incidunt possimus quia quaerat. Laborum aut atque corrupti ipsa cupiditate voluptatem. Illum quasi dolorum dicta eius maxime. Reprehenderit officia in molestias alias excepturi incidunt.',0,'2024-05-02','/image/9'),(13,1,'Local Business Partners with Mealmates for Meal Distribution','Ea nisi debitis natus mollitia vel est. Laborum aliquid voluptate occaecati et iusto est et. Voluptas asperiores dicta ut debitis unde. Pariatur iure similique dolorem. Voluptatem odit reiciendis debitis temporibus. Fugiat odio quo eligendi possimus pariatur incidunt.',0,'2023-12-23','/image/5'),(14,5,'Thank You to Our Supporters: A Message from Mealmates','Voluptatem veritatis labore suscipit error reprehenderit repellendus. Sequi perspiciatis animi voluptas. Quos maxime nulla optio distinctio architecto occaecati consectetur. Debitis earum accusamus. Architecto architecto quas architecto aspernatur molestias. Unde harum odit provident expedita impedit nihil.',1,'2024-06-02','/image/3'),(15,9,'Spotlight on Our Community Partners','Ut laudantium a minima sit quasi vitae. Consequuntur provident iure tempore similique doloribus placeat. Veniam dolore laboriosam a. Minus culpa soluta rem architecto. Odio error itaque amet. Quos nostrum accusantium repellat minus distinctio.',0,'2023-09-13','/image/3'),(16,4,'How You Can Get Involved with Mealmates','Explicabo aut quisquam commodi corporis. Earum temporibus dolorum commodi placeat corrupti. Distinctio pariatur dignissimos hic pariatur. Officia exercitationem suscipit molestias nesciunt eos doloribus. Maxime sit consectetur magnam atque inventore. Sed placeat hic impedit cum. Unde unde quia totam. Illum id asperiores dolore impedit earum iure a.',0,'2023-07-28','/image/5'),(17,3,'Spotlight on Our Community Partners','Unde commodi laborum eveniet iste deserunt. Cum sed tempora culpa dolorum voluptates. Aliquid occaecati incidunt laborum expedita placeat. Et molestiae quo fuga. Est molestias voluptate quo et totam voluptatem. Culpa ipsam impedit velit distinctio.',1,'2023-09-15','/image/6'),(18,10,'Cooking Class Empowers Community with Healthy Recipes','Adipisci possimus ullam rerum aut a quis. Numquam voluptatem excepturi. Eveniet fuga voluptatum amet suscipit amet adipisci. Corrupti ducimus eaque atque eum cumque in ipsum. Iusto repellat blanditiis quos quae est rem. Accusamus eaque autem eaque quia. Quam dolores voluptatibus tempore. Nulla numquam inventore voluptatem ipsum architecto iure. Eligendi sed numquam harum.',0,'2024-01-20','/image/8'),(19,4,'New Initiatives: What‚Äôs Next for Mealmates','Maxime ratione molestias blanditiis dolorum. Officiis ad repellendus libero beatae. Modi consequuntur nesciunt odio animi saepe. Voluptate molestiae doloremque nihil. At assumenda iusto quidem ratione. Nostrum perspiciatis dolore ipsum iusto reprehenderit. Aperiam doloremque nostrum. Atque quasi fugiat pariatur repudiandae reiciendis. A quibusdam soluta culpa iure labore et. Explicabo repellendus dicta ea aperiam praesentium similique.',1,'2023-06-19','/image/6'),(20,9,'Environmental Cleanup Effort Improves Local Park','Non at expedita doloremque deleniti corrupti. Natus reiciendis rerum rem assumenda cumque. Omnis quaerat voluptatem occaecati. Laudantium est non blanditiis. Delectus quasi dignissimos asperiores ut. Eligendi inventore voluptate aspernatur ipsa sapiente. Porro dicta perspiciatis dolore labore. Repudiandae minus nemo aliquid optio quo.',0,'2024-04-18','/image/10'),(21,4,'Thank You to Our Supporters: A Message from Mealmates','Nemo fugiat quam saepe. Accusamus possimus ipsa deserunt facilis quibusdam excepturi. Molestias voluptatum voluptate natus deserunt. Nulla suscipit illo fugit minima quo perferendis. Recusandae ratione excepturi quae corporis non id. Voluptate explicabo odio animi.',0,'2024-04-14','/image/6'),(22,10,'Behind the Scenes: A Day in the Life of a Mealmates Volunteer','Fuga repellat at itaque laborum. Exercitationem velit nesciunt placeat. Facilis placeat velit perspiciatis repellendus quisquam. Asperiores ut autem ut voluptatibus odit ea expedita. Mollitia possimus consectetur fugit maiores veniam dolores reiciendis. Ipsa consequatur assumenda accusantium laudantium. Labore odio eum quia ad. Possimus ratione rem facilis. Atque maxime officia distinctio ipsam in possimus id.',0,'2024-01-07','/image/10'),(23,1,'Community Rallies Together for Annual Food Drive','Reprehenderit nemo quibusdam placeat alias. Ullam quisquam facere quo. Aliquam libero eum aliquid maxime quas odio error. Vero molestias fugit inventore rerum aperiam maiores earum. Perferendis delectus quos excepturi nesciunt ipsam aut. Nemo a eius unde non similique veniam. Ab iure ad molestias.',0,'2023-11-26','/image/2'),(24,4,'Success Story: How Meal Delivery Changed One Family‚Äôs Life','Reprehenderit explicabo optio id excepturi esse soluta. Laboriosam voluptatibus aliquid aperiam corporis. Eius deserunt placeat dolor repudiandae. Possimus fugit sed culpa laboriosam accusamus. Mollitia reprehenderit ad nesciunt incidunt. A officiis optio rem quaerat culpa. Aperiam labore harum hic molestiae ipsam quos commodi. Iure nulla nemo voluptatibus nesciunt.',0,'2024-02-26','/image/4'),(25,5,'Job Skills Workshop Prepares Participants for Employment','Minus est placeat quis fuga odio pariatur voluptates. Labore iste exercitationem optio libero. Ipsum labore fugit laboriosam quis. Modi nulla corrupti commodi corrupti. Libero tempora voluptas accusamus vitae nesciunt id maiores. Impedit eos consectetur ab rerum laudantium placeat.',1,'2023-09-24','/image/3'),(26,10,'Local Business Partners with Mealmates for Meal Distribution','Nostrum porro earum ullam. Quasi omnis corporis molestiae fugiat omnis. In ea itaque voluptatem. Nihil perspiciatis accusamus facere nulla. Odit aliquam nulla maxime distinctio sapiente. Cumque alias consectetur harum accusantium voluptate.',1,'2023-11-18','/image/10'),(27,1,'Monthly Volunteer Training Sessions Now Open for Registration','Minima quam magnam. Aliquam ullam occaecati dolores porro ad ex. Expedita dolorum similique debitis dolorum error magnam labore. Id rem quis. Fuga accusamus facilis cupiditate nobis hic corporis. Ipsam eaque quaerat voluptas eum ipsa. Beatae numquam maiores praesentium nam.',0,'2024-05-07','/image/10'),(28,4,'Mealmates Receives Grant to Expand Nutrition Programs','Mollitia quos odit. Ipsam praesentium numquam magni voluptate eaque dolor. Voluptate eum consectetur maxime nisi ipsum unde. Ratione reprehenderit et quidem libero. Culpa corporis animi dolor qui placeat at. Explicabo inventore rem aspernatur. Sint dolor autem distinctio corrupti quo. Quaerat minus dicta quia. Adipisci deleniti ipsa mollitia. Similique alias perspiciatis ipsum. Consequatur reprehenderit illo necessitatibus ullam nobis.',1,'2023-10-26','/image/5'),(29,7,'Volunteer Appreciation Day: Celebrating Our Heroes','Necessitatibus nemo alias debitis autem quas. Tempore sapiente ut asperiores nisi non. Magnam voluptates veritatis quisquam sint cumque consequuntur. Quam minima voluptatibus maiores asperiores placeat voluptatum. Veniam voluptate cum tempore. Ad voluptates rerum vel magni nobis. Hic maiores fugiat quas atque consequuntur omnis.',1,'2024-03-07','/image/8'),(30,6,'How You Can Get Involved with Mealmates','Corrupti perferendis perferendis adipisci unde corrupti repudiandae. Eos reiciendis aspernatur cum accusantium. Dicta nisi culpa quibusdam ullam. Minus facere corrupti blanditiis. Rem cumque id minus quod eos vel. Quia minima perspiciatis magnam.',0,'2023-08-11','/image/6'),(31,9,'Success Story: How Meal Delivery Changed One Family‚Äôs Life','Nisi et nihil rerum veritatis nulla possimus perspiciatis. Hic nulla blanditiis corporis sunt incidunt. Repellat ab corporis. Fugiat molestias odit. Similique cum soluta dolore fugit cupiditate sequi tenetur.',0,'2023-06-26','/image/9'),(32,9,'Mealmates Launches New Online Volunteer Portal','Ipsa repellat atque quis. Quas tempore vel libero. Sunt veniam beatae necessitatibus. Nemo velit repellendus saepe. Unde nobis harum natus odit ipsum. Laudantium culpa a vitae consectetur sint aspernatur nesciunt. Magnam dicta aperiam.',1,'2023-09-02','/image/7'),(33,10,'Volunteers Shine at Annual Garden Cleanup','Possimus quia veritatis voluptate qui nostrum. Temporibus nobis reiciendis maxime. Corrupti ipsum vel quibusdam. Magnam esse iste a. Error possimus voluptate odio vitae. Assumenda voluptatum voluptates exercitationem iure officiis. Provident et nemo. Unde quod facere. Sequi quas magnam illo rerum error quae.',0,'2024-03-18','/image/2'),(34,8,'Emergency Relief Effort Assists Families in Need','Magnam harum occaecati quas facere quaerat. Autem velit eligendi beatae. Ullam illum odio atque. Quibusdam sapiente explicabo suscipit earum deserunt. Repellat animi laborum natus natus iure animi. Nostrum deleniti voluptate ipsum eos.',0,'2024-05-26','/image/9'),(35,10,'Fundraising Gala Raises Record Amount for Meal Programs','Commodi corporis exercitationem accusamus numquam voluptate. Qui inventore asperiores laborum. Temporibus porro error alias. Consectetur ut consectetur. Aliquid vitae nulla nam modi. Provident eaque iusto vel sint illo blanditiis. Ratione asperiores repellat accusantium impedit. Velit illum ex tempore magnam alias.',1,'2023-12-24','/image/10'),(36,8,'Youth Mentoring Initiative Kicks Off with Great Success','Corporis tempora quod ex. Possimus voluptate aperiam. Sequi dolores temporibus blanditiis. Ex libero perferendis soluta labore fuga beatae. Velit voluptate accusamus. Aut minima explicabo vitae ipsum mollitia consequatur. Consectetur porro dolor voluptas consequatur doloremque veritatis animi. Facere amet ut. Tempora neque iure doloribus blanditiis.',0,'2023-10-31','/image/10'),(37,1,'Community Picnic Brings Neighbors Together','Quas exercitationem qui dolorem nulla ratione atque. Inventore porro sequi fugiat quod. Similique eaque maiores. Laboriosam adipisci itaque quasi. Sequi sequi cumque maxime. Iure laudantium molestiae quas.',1,'2023-11-22','/image/8'),(38,10,'Senior Support Program Makes a Difference in Lives','Iste quas quaerat possimus. Neque earum odit quidem error dolorum dolore sequi. Magni minima accusantium. Quia expedita suscipit assumenda. Ipsum ipsam blanditiis repudiandae tempora. Quos illo reiciendis. Voluptas qui consectetur. Aut quia enim amet numquam nihil assumenda. Facilis fuga deleniti sunt.',1,'2023-08-30','/image/3'),(39,2,'Cooking Class Empowers Community with Healthy Recipes','Perferendis cumque aut architecto cupiditate magni excepturi porro. Modi at sit animi. Assumenda nemo architecto consectetur repudiandae cumque esse. Sint architecto nulla tempora harum quae illum similique. Nihil repellendus in.',1,'2023-06-30','/image/6'),(40,4,'Volunteer Spotlight: Meet Our Dedicated Team Members','Sed quibusdam iste hic. Quas nobis ipsum vero eveniet at voluptas reiciendis. Optio unde non aut occaecati nesciunt. Molestias aliquid facere cum eum aliquam. Ducimus modi ea a eius. Nemo perspiciatis ex qui nostrum fuga.',1,'2024-04-15','/image/7'),(41,10,'Art Therapy Session Provides Creative Outlet for Participants','Esse pariatur explicabo illo tempora in. Quos quisquam quidem deserunt sunt modi. Cum vel placeat nihil dolorum. Magni quibusdam itaque asperiores. Officiis placeat quia placeat odio quaerat. Impedit dignissimos nostrum accusamus modi consequatur beatae. Rem ipsam vitae ullam corporis sapiente quas.',0,'2023-08-17','/image/7'),(42,2,'Behind the Scenes: A Day in the Life of a Mealmates Volunteer','Possimus magni quos. Blanditiis quidem iure dolorem id minima est quam. Doloribus et nisi enim ab eveniet quisquam. Temporibus incidunt natus aliquid vel officiis. Nulla reprehenderit exercitationem necessitatibus voluptatum consectetur ab ipsum. Eum quo quos sit sequi saepe inventore. Magnam dolore quo atque itaque iure. Sequi accusantium fugit non.',0,'2023-11-22','/image/9'),(43,8,'Holiday Celebration Spreads Joy and Warmth','Consequatur porro ut cumque. Nemo aliquid quis ad esse expedita. Odit rem porro tempora inventore iste qui. Delectus consequatur nam dolorum beatae. Nulla perspiciatis doloremque odit fugit fuga libero corporis. Nemo sed eveniet dolorum omnis perferendis ratione. Assumenda libero doloremque doloribus fugit. Asperiores inventore officiis saepe ipsam amet similique. Quas facilis laudantium.',0,'2023-09-16','/image/3'),(44,5,'Thank You to Our Supporters: A Message from Mealmates','Iusto ex harum qui. Blanditiis explicabo sit dolorem quae voluptate. Esse sunt provident eaque. Perferendis architecto tempore consequatur facere. Reiciendis iste est nesciunt aliquid officiis. Illo sit sed voluptate exercitationem nesciunt rerum. Ad sint inventore libero quos. Suscipit dolorem magnam repudiandae similique eius aspernatur vel. Magnam adipisci vitae dolores eaque.',0,'2023-11-29','/image/9'),(45,8,'Testimonials: Hear from Those We‚Äôve Helped','Ut magni expedita impedit cupiditate possimus. Natus animi ipsum illum officiis. Pariatur ullam officia dicta libero amet. Incidunt ab officiis nihil. Repudiandae perspiciatis nemo placeat possimus. Soluta perspiciatis culpa deserunt illum.',1,'2023-11-11','/image/8'),(46,8,'Educational Seminar Highlights Importance of Nutrition','Accusantium animi iste doloribus aspernatur repellat necessitatibus eaque. Amet temporibus eligendi harum ipsa delectus. Modi molestias sed cum. Autem explicabo blanditiis necessitatibus illum. Sunt quas illum quidem quidem totam deserunt debitis. Culpa totam enim enim nisi officia. Esse dolor aut nam perferendis ducimus. Voluptatem eos voluptas.',0,'2023-08-28','/image/6'),(47,3,'Behind the Scenes: A Day in the Life of a Mealmates Volunteer','Dignissimos illum expedita quasi. Molestiae dignissimos dicta voluptates ut ducimus. Reiciendis tempora dolores vitae id temporibus. Sed recusandae tempore rerum. Voluptas adipisci numquam nostrum dolorum illo consequatur. Iure quo illum labore. In repudiandae nulla cumque necessitatibus itaque non. Dolores tempora pariatur iure omnis ipsam. Ex fugit impedit in suscipit ex ullam. Mollitia porro fuga modi.',1,'2023-06-28','/image/2'),(48,8,'Upcoming Events: Join Us for Our Next Volunteer Opportunity','Doloremque maiores similique dolore quibusdam occaecati mollitia laboriosam. Natus repellat id. Magnam ut numquam eveniet. Doloremque dolores quod modi repellat. Quaerat quae officia quia. Omnis adipisci dicta. Repellendus dignissimos nam repellat dicta. Necessitatibus neque eum molestiae. Excepturi in et illum reiciendis magni. Nam facere itaque nulla.',0,'2024-03-31','/image/5'),(49,3,'Mealmates Partners with Local Schools for Nutrition Education','Soluta quod animi velit non. Asperiores ratione pariatur unde. Officia officiis ex optio unde amet provident. Aliquid velit dolor ex tenetur. Provident iste quisquam similique ea. Deserunt voluptas incidunt. Possimus pariatur quis sint at similique officiis quibusdam. Aliquam iure dolores assumenda. Quo consequuntur nisi sed officia velit tenetur tempora. Quos ea eius neque amet quibusdam.',0,'2023-10-10','/image/7'),(50,9,'Nutrition Workshop Educates Families on Healthy Eating','Alias quod voluptatibus. Deserunt deleniti eveniet nesciunt sunt quidem laborum. Omnis iste minima officiis. Aperiam quidem nostrum veniam incidunt enim. Voluptate deleniti animi quo accusamus. Aspernatur a at numquam iusto. Perspiciatis voluptatum quisquam deserunt voluptatibus. Natus quo id sit sunt nesciunt. Saepe illo consequuntur dignissimos iste. Recusandae deserunt quis deleniti ratione. Cupiditate praesentium itaque aliquid assumenda placeat.',1,'2023-12-21','/image/7');
/*!40000 ALTER TABLE `news` ENABLE KEYS */;
UNLOCK TABLES;

--
-- Table structure for table `user_branch_affiliation`
--

DROP TABLE IF EXISTS `user_branch_affiliation`;
/*!40101 SET @saved_cs_client     = @@character_set_client */;
/*!50503 SET character_set_client = utf8mb4 */;
CREATE TABLE `user_branch_affiliation` (
  `branch_id` int NOT NULL,
  `user_id` binary(16) NOT NULL,
  PRIMARY KEY (`branch_id`,`user_id`),
  KEY `user_id` (`user_id`),
  CONSTRAINT `user_branch_affiliation_ibfk_1` FOREIGN KEY (`branch_id`) REFERENCES `branches` (`branch_id`),
  CONSTRAINT `user_branch_affiliation_ibfk_2` FOREIGN KEY (`user_id`) REFERENCES `users` (`user_id`)
) ENGINE=InnoDB DEFAULT CHARSET=utf8mb4 COLLATE=utf8mb4_0900_ai_ci;
/*!40101 SET character_set_client = @saved_cs_client */;

--
-- Dumping data for table `user_branch_affiliation`
--

LOCK TABLES `user_branch_affiliation` WRITE;
/*!40000 ALTER TABLE `user_branch_affiliation` DISABLE KEYS */;
INSERT INTO `user_branch_affiliation` VALUES (6,_binary 'µ\’\ZO*U\Ôö\’B¨\0'),(5,_binary 'µ\’\⁄*U\Ôö\’B¨\0'),(7,_binary 'µ\’@*U\Ôö\’B¨\0'),(1,_binary 'µ\’\‚*U\Ôö\’B¨\0'),(1,_binary 'µ\’**U\Ôö\’B¨\0'),(5,_binary 'µ\’l*U\Ôö\’B¨\0'),(10,_binary 'µ\’∞*U\Ôö\’B¨\0'),(5,_binary 'µ\’\Ù*U\Ôö\’B¨\0'),(6,_binary 'µ\’5*U\Ôö\’B¨\0'),(8,_binary 'µ\’t*U\Ôö\’B¨\0'),(6,_binary 'µ\’≤*U\Ôö\’B¨\0'),(1,_binary 'µ\’\Ò*U\Ôö\’B¨\0'),(2,_binary 'µ\’ <*U\Ôö\’B¨\0'),(4,_binary 'µ\’ \Ê*U\Ôö\’B¨\0'),(1,_binary 'µ\’!h*U\Ôö\’B¨\0'),(5,_binary 'µ\’!º*U\Ôö\’B¨\0'),(2,_binary 'µ\’\"3*U\Ôö\’B¨\0'),(1,_binary 'µ\’\"\’*U\Ôö\’B¨\0'),(3,_binary 'µ\’#*U\Ôö\’B¨\0'),(1,_binary 'µ\’#Y*U\Ôö\’B¨\0'),(7,_binary 'µ\’#ö*U\Ôö\’B¨\0'),(2,_binary 'µ\’#\ÿ*U\Ôö\’B¨\0'),(10,_binary 'µ\’$*U\Ôö\’B¨\0'),(10,_binary 'µ\’$W*U\Ôö\’B¨\0'),(6,_binary 'µ\’$ï*U\Ôö\’B¨\0'),(10,_binary 'µ\’$\ÿ*U\Ôö\’B¨\0'),(4,_binary 'µ\’%*U\Ôö\’B¨\0'),(5,_binary 'µ\’%S*U\Ôö\’B¨\0'),(1,_binary 'µ\’%\“*U\Ôö\’B¨\0'),(1,_binary 'µ\’&*U\Ôö\’B¨\0'),(4,_binary 'µ\’&P*U\Ôö\’B¨\0'),(2,_binary 'µ\’&é*U\Ôö\’B¨\0'),(4,_binary 'µ\’&\À*U\Ôö\’B¨\0'),(4,_binary 'µ\’\'*U\Ôö\’B¨\0'),(5,_binary 'µ\’\'E*U\Ôö\’B¨\0'),(8,_binary 'µ\’\'Ñ*U\Ôö\’B¨\0'),(1,_binary 'µ\’\'\¬*U\Ôö\’B¨\0'),(5,_binary 'µ\’\'˛*U\Ôö\’B¨\0'),(3,_binary 'µ\’(;*U\Ôö\’B¨\0'),(4,_binary 'µ\’(x*U\Ôö\’B¨\0'),(8,_binary 'µ\’(∂*U\Ôö\’B¨\0'),(1,_binary 'µ\’(\ı*U\Ôö\’B¨\0'),(1,_binary 'µ\’)2*U\Ôö\’B¨\0'),(7,_binary 'µ\’*c*U\Ôö\’B¨\0'),(4,_binary 'µ\’*\⁄*U\Ôö\’B¨\0'),(2,_binary 'µ\’+*U\Ôö\’B¨\0'),(9,_binary 'µ\’+Y*U\Ôö\’B¨\0'),(8,_binary 'µ\’+ò*U\Ôö\’B¨\0'),(7,_binary 'µ\’+\÷*U\Ôö\’B¨\0'),(10,_binary 'µ\’,*U\Ôö\’B¨\0'),(10,_binary 'µ\’,T*U\Ôö\’B¨\0'),(1,_binary 'µ\’,í*U\Ôö\’B¨\0'),(7,_binary 'µ\’,\–*U\Ôö\’B¨\0'),(2,_binary 'µ\’-*U\Ôö\’B¨\0'),(7,_binary 'µ\’-K*U\Ôö\’B¨\0'),(5,_binary 'µ\’-•*U\Ôö\’B¨\0'),(3,_binary 'µ\’-\Â*U\Ôö\’B¨\0'),(2,_binary 'µ\’.#*U\Ôö\’B¨\0'),(2,_binary 'µ\’.`*U\Ôö\’B¨\0'),(8,_binary 'µ\’.ù*U\Ôö\’B¨\0'),(8,_binary 'µ\’.\€*U\Ôö\’B¨\0'),(3,_binary 'µ\’/*U\Ôö\’B¨\0'),(2,_binary 'µ\’/W*U\Ôö\’B¨\0'),(5,_binary 'µ\’/ï*U\Ôö\’B¨\0'),(8,_binary 'µ\’/\”*U\Ôö\’B¨\0'),(7,_binary 'µ\’0*U\Ôö\’B¨\0'),(8,_binary 'µ\’0N*U\Ôö\’B¨\0'),(5,_binary 'µ\’0å*U\Ôö\’B¨\0'),(6,_binary 'µ\’0\Œ*U\Ôö\’B¨\0'),(7,_binary 'µ\’1*U\Ôö\’B¨\0'),(9,_binary 'µ\’1L*U\Ôö\’B¨\0'),(1,_binary 'µ\’1â*U\Ôö\’B¨\0'),(3,_binary 'µ\’1\«*U\Ôö\’B¨\0'),(1,_binary 'µ\’2*U\Ôö\’B¨\0'),(9,_binary 'µ\’2B*U\Ôö\’B¨\0'),(7,_binary 'µ\’2Ä*U\Ôö\’B¨\0'),(2,_binary 'µ\’4ß*U\Ôö\’B¨\0'),(9,_binary 'µ\’5\n*U\Ôö\’B¨\0'),(8,_binary 'µ\’5L*U\Ôö\’B¨\0'),(10,_binary 'µ\’5ã*U\Ôö\’B¨\0'),(9,_binary 'µ\’5\œ*U\Ôö\’B¨\0'),(3,_binary 'µ\’6*U\Ôö\’B¨\0'),(4,_binary 'µ\’6É*U\Ôö\’B¨\0'),(5,_binary 'µ\’6\≈*U\Ôö\’B¨\0'),(7,_binary 'µ\’7*U\Ôö\’B¨\0'),(10,_binary 'µ\’7A*U\Ôö\’B¨\0'),(9,_binary 'µ\’7Å*U\Ôö\’B¨\0'),(2,_binary 'µ\’7ø*U\Ôö\’B¨\0'),(4,_binary 'µ\’7˝*U\Ôö\’B¨\0'),(8,_binary 'µ\’8;*U\Ôö\’B¨\0'),(8,_binary 'µ\’8x*U\Ôö\’B¨\0'),(3,_binary 'µ\’8∏*U\Ôö\’B¨\0'),(3,_binary 'µ\’8\ˆ*U\Ôö\’B¨\0'),(1,_binary 'µ\’94*U\Ôö\’B¨\0'),(3,_binary 'µ\’”¥*U\Ôö\’B¨\0'),(1,_binary 'µ\’‘â*U\Ôö\’B¨\0'),(6,_binary 'µ\’\‘\‡*U\Ôö\’B¨\0'),(9,_binary 'µ\’\’8*U\Ôö\’B¨\0'),(4,_binary 'µ\’’Ç*U\Ôö\’B¨\0'),(4,_binary 'µ\’\’\»*U\Ôö\’B¨\0'),(1,_binary 'µ\◊\€\≈*U\Ôö\’B¨\0'),(2,_binary 'µ\◊ﬁú*U\Ôö\’B¨\0'),(3,_binary 'µ\◊\ﬂ*U\Ôö\’B¨\0'),(4,_binary 'µ\◊\ﬂe*U\Ôö\’B¨\0'),(5,_binary 'µ\◊ﬂ¥*U\Ôö\’B¨\0'),(6,_binary 'µ\◊\‡\0*U\Ôö\’B¨\0'),(7,_binary 'µ\◊\‡P*U\Ôö\’B¨\0'),(8,_binary 'µ\◊\‡ú*U\Ôö\’B¨\0'),(9,_binary 'µ\◊\‡\Î*U\Ôö\’B¨\0'),(10,_binary 'µ\◊\·>*U\Ôö\’B¨\0');
/*!40000 ALTER TABLE `user_branch_affiliation` ENABLE KEYS */;
UNLOCK TABLES;

--
-- Table structure for table `user_event_attendance`
--

DROP TABLE IF EXISTS `user_event_attendance`;
/*!40101 SET @saved_cs_client     = @@character_set_client */;
/*!50503 SET character_set_client = utf8mb4 */;
CREATE TABLE `user_event_attendance` (
  `event_id` int NOT NULL,
  `user_id` binary(16) NOT NULL,
  `rsvp` tinyint(1) NOT NULL,
  PRIMARY KEY (`event_id`,`user_id`),
  KEY `user_id` (`user_id`),
  CONSTRAINT `user_event_attendance_ibfk_1` FOREIGN KEY (`event_id`) REFERENCES `events` (`event_id`) ON DELETE CASCADE,
  CONSTRAINT `user_event_attendance_ibfk_2` FOREIGN KEY (`user_id`) REFERENCES `users` (`user_id`)
) ENGINE=InnoDB DEFAULT CHARSET=utf8mb4 COLLATE=utf8mb4_0900_ai_ci;
/*!40101 SET character_set_client = @saved_cs_client */;

--
-- Dumping data for table `user_event_attendance`
--

LOCK TABLES `user_event_attendance` WRITE;
/*!40000 ALTER TABLE `user_event_attendance` DISABLE KEYS */;
INSERT INTO `user_event_attendance` VALUES (1,_binary 'µ\’,í*U\Ôö\’B¨\0',1),(1,_binary 'µ\’,\–*U\Ôö\’B¨\0',1),(1,_binary 'µ\’-•*U\Ôö\’B¨\0',0),(1,_binary 'µ\’.#*U\Ôö\’B¨\0',1),(1,_binary 'µ\’/W*U\Ôö\’B¨\0',0),(1,_binary 'µ\’1â*U\Ôö\’B¨\0',0),(1,_binary 'µ\’2*U\Ôö\’B¨\0',1),(1,_binary 'µ\’5ã*U\Ôö\’B¨\0',1),(1,_binary 'µ\’5\œ*U\Ôö\’B¨\0',0),(1,_binary 'µ\’8;*U\Ôö\’B¨\0',0),(1,_binary 'µ\’\‘\‡*U\Ôö\’B¨\0',0),(1,_binary 'µ\’’Ç*U\Ôö\’B¨\0',0),(2,_binary 'µ\’-•*U\Ôö\’B¨\0',1),(2,_binary 'µ\’-\Â*U\Ôö\’B¨\0',0),(2,_binary 'µ\’.#*U\Ôö\’B¨\0',0),(2,_binary 'µ\’1L*U\Ôö\’B¨\0',0),(2,_binary 'µ\’5L*U\Ôö\’B¨\0',0),(2,_binary 'µ\’7A*U\Ôö\’B¨\0',0),(2,_binary 'µ\’8;*U\Ôö\’B¨\0',1),(2,_binary 'µ\’94*U\Ôö\’B¨\0',0),(3,_binary 'µ\’,*U\Ôö\’B¨\0',1),(3,_binary 'µ\’,T*U\Ôö\’B¨\0',0),(3,_binary 'µ\’.\€*U\Ôö\’B¨\0',0),(3,_binary 'µ\’/*U\Ôö\’B¨\0',1),(3,_binary 'µ\’0N*U\Ôö\’B¨\0',1),(3,_binary 'µ\’0\Œ*U\Ôö\’B¨\0',0),(3,_binary 'µ\’2*U\Ôö\’B¨\0',1),(3,_binary 'µ\’2B*U\Ôö\’B¨\0',0),(3,_binary 'µ\’2Ä*U\Ôö\’B¨\0',0),(3,_binary 'µ\’6É*U\Ôö\’B¨\0',1),(3,_binary 'µ\’7ø*U\Ôö\’B¨\0',1),(3,_binary 'µ\’\’8*U\Ôö\’B¨\0',0),(4,_binary 'µ\’,\–*U\Ôö\’B¨\0',1),(4,_binary 'µ\’.#*U\Ôö\’B¨\0',1),(4,_binary 'µ\’0N*U\Ôö\’B¨\0',1),(4,_binary 'µ\’0å*U\Ôö\’B¨\0',1),(4,_binary 'µ\’1*U\Ôö\’B¨\0',0),(4,_binary 'µ\’1L*U\Ôö\’B¨\0',0),(4,_binary 'µ\’1â*U\Ôö\’B¨\0',0),(4,_binary 'µ\’2Ä*U\Ôö\’B¨\0',1),(4,_binary 'µ\’4ß*U\Ôö\’B¨\0',0),(4,_binary 'µ\’7*U\Ôö\’B¨\0',1),(4,_binary 'µ\’7ø*U\Ôö\’B¨\0',1),(4,_binary 'µ\’94*U\Ôö\’B¨\0',1),(5,_binary 'µ\’,í*U\Ôö\’B¨\0',1),(5,_binary 'µ\’.#*U\Ôö\’B¨\0',1),(5,_binary 'µ\’.ù*U\Ôö\’B¨\0',1),(5,_binary 'µ\’/\”*U\Ôö\’B¨\0',0),(5,_binary 'µ\’0å*U\Ôö\’B¨\0',0),(5,_binary 'µ\’2Ä*U\Ôö\’B¨\0',0),(5,_binary 'µ\’6*U\Ôö\’B¨\0',0),(5,_binary 'µ\’6\≈*U\Ôö\’B¨\0',0),(5,_binary 'µ\’7*U\Ôö\’B¨\0',0),(5,_binary 'µ\’7A*U\Ôö\’B¨\0',1),(5,_binary 'µ\’7Å*U\Ôö\’B¨\0',0),(5,_binary 'µ\’8∏*U\Ôö\’B¨\0',0),(5,_binary 'µ\’\’\»*U\Ôö\’B¨\0',1),(6,_binary 'µ\’,í*U\Ôö\’B¨\0',1),(6,_binary 'µ\’-K*U\Ôö\’B¨\0',1),(6,_binary 'µ\’.#*U\Ôö\’B¨\0',0),(6,_binary 'µ\’/*U\Ôö\’B¨\0',0),(6,_binary 'µ\’0å*U\Ôö\’B¨\0',0),(6,_binary 'µ\’2*U\Ôö\’B¨\0',0),(6,_binary 'µ\’4ß*U\Ôö\’B¨\0',1),(6,_binary 'µ\’8\ˆ*U\Ôö\’B¨\0',0),(6,_binary 'µ\’94*U\Ôö\’B¨\0',0),(7,_binary 'µ\’,í*U\Ôö\’B¨\0',0),(7,_binary 'µ\’-K*U\Ôö\’B¨\0',1),(7,_binary 'µ\’.`*U\Ôö\’B¨\0',0),(7,_binary 'µ\’.ù*U\Ôö\’B¨\0',0),(7,_binary 'µ\’/*U\Ôö\’B¨\0',0),(7,_binary 'µ\’/ï*U\Ôö\’B¨\0',1),(7,_binary 'µ\’0N*U\Ôö\’B¨\0',1),(7,_binary 'µ\’1â*U\Ôö\’B¨\0',0),(7,_binary 'µ\’1\«*U\Ôö\’B¨\0',0),(7,_binary 'µ\’7A*U\Ôö\’B¨\0',0),(8,_binary 'µ\’,T*U\Ôö\’B¨\0',1),(8,_binary 'µ\’.#*U\Ôö\’B¨\0',1),(8,_binary 'µ\’.`*U\Ôö\’B¨\0',0),(8,_binary 'µ\’.ù*U\Ôö\’B¨\0',1),(8,_binary 'µ\’.\€*U\Ôö\’B¨\0',0),(8,_binary 'µ\’0*U\Ôö\’B¨\0',0),(8,_binary 'µ\’2*U\Ôö\’B¨\0',1),(8,_binary 'µ\’6É*U\Ôö\’B¨\0',1),(8,_binary 'µ\’’Ç*U\Ôö\’B¨\0',0),(8,_binary 'µ\’\’\»*U\Ôö\’B¨\0',1),(9,_binary 'µ\’+\÷*U\Ôö\’B¨\0',1),(9,_binary 'µ\’,*U\Ôö\’B¨\0',0),(9,_binary 'µ\’0N*U\Ôö\’B¨\0',1),(9,_binary 'µ\’1â*U\Ôö\’B¨\0',0),(9,_binary 'µ\’2*U\Ôö\’B¨\0',0),(9,_binary 'µ\’7ø*U\Ôö\’B¨\0',1),(9,_binary 'µ\’8∏*U\Ôö\’B¨\0',0),(9,_binary 'µ\’8\ˆ*U\Ôö\’B¨\0',1),(9,_binary 'µ\’”¥*U\Ôö\’B¨\0',0),(9,_binary 'µ\’\‘\‡*U\Ôö\’B¨\0',0),(10,_binary 'µ\’+\÷*U\Ôö\’B¨\0',1),(10,_binary 'µ\’,*U\Ôö\’B¨\0',0),(10,_binary 'µ\’-K*U\Ôö\’B¨\0',0),(10,_binary 'µ\’.#*U\Ôö\’B¨\0',1),(10,_binary 'µ\’.`*U\Ôö\’B¨\0',1),(10,_binary 'µ\’/*U\Ôö\’B¨\0',1),(10,_binary 'µ\’/\”*U\Ôö\’B¨\0',0),(10,_binary 'µ\’5ã*U\Ôö\’B¨\0',1),(10,_binary 'µ\’7A*U\Ôö\’B¨\0',0),(10,_binary 'µ\’8∏*U\Ôö\’B¨\0',0),(10,_binary 'µ\’8\ˆ*U\Ôö\’B¨\0',1),(11,_binary 'µ\’,*U\Ôö\’B¨\0',0),(11,_binary 'µ\’,í*U\Ôö\’B¨\0',0),(11,_binary 'µ\’-*U\Ôö\’B¨\0',1),(11,_binary 'µ\’/W*U\Ôö\’B¨\0',0),(11,_binary 'µ\’0*U\Ôö\’B¨\0',1),(11,_binary 'µ\’0N*U\Ôö\’B¨\0',1),(11,_binary 'µ\’0\Œ*U\Ôö\’B¨\0',0),(11,_binary 'µ\’5\œ*U\Ôö\’B¨\0',0),(11,_binary 'µ\’7*U\Ôö\’B¨\0',0),(11,_binary 'µ\’7Å*U\Ôö\’B¨\0',0),(11,_binary 'µ\’7ø*U\Ôö\’B¨\0',0),(11,_binary 'µ\’7˝*U\Ôö\’B¨\0',1),(11,_binary 'µ\’8x*U\Ôö\’B¨\0',0),(11,_binary 'µ\’8∏*U\Ôö\’B¨\0',0),(11,_binary 'µ\’94*U\Ôö\’B¨\0',0),(11,_binary 'µ\’”¥*U\Ôö\’B¨\0',1),(12,_binary 'µ\’,T*U\Ôö\’B¨\0',1),(12,_binary 'µ\’.`*U\Ôö\’B¨\0',1),(12,_binary 'µ\’/*U\Ôö\’B¨\0',0),(12,_binary 'µ\’/\”*U\Ôö\’B¨\0',1),(12,_binary 'µ\’0\Œ*U\Ôö\’B¨\0',1),(12,_binary 'µ\’1â*U\Ôö\’B¨\0',1),(12,_binary 'µ\’6*U\Ôö\’B¨\0',1),(12,_binary 'µ\’6É*U\Ôö\’B¨\0',1),(12,_binary 'µ\’6\≈*U\Ôö\’B¨\0',0),(12,_binary 'µ\’8;*U\Ôö\’B¨\0',0),(12,_binary 'µ\’8∏*U\Ôö\’B¨\0',0),(12,_binary 'µ\’\‘\‡*U\Ôö\’B¨\0',1),(12,_binary 'µ\’\’\»*U\Ôö\’B¨\0',0),(13,_binary 'µ\’,*U\Ôö\’B¨\0',1),(13,_binary 'µ\’,T*U\Ôö\’B¨\0',1),(13,_binary 'µ\’.ù*U\Ôö\’B¨\0',0),(13,_binary 'µ\’/W*U\Ôö\’B¨\0',0),(13,_binary 'µ\’/\”*U\Ôö\’B¨\0',1),(13,_binary 'µ\’0N*U\Ôö\’B¨\0',1),(13,_binary 'µ\’0\Œ*U\Ôö\’B¨\0',0),(13,_binary 'µ\’1L*U\Ôö\’B¨\0',0),(13,_binary 'µ\’1â*U\Ôö\’B¨\0',1),(13,_binary 'µ\’7˝*U\Ôö\’B¨\0',1),(14,_binary 'µ\’,*U\Ôö\’B¨\0',0),(14,_binary 'µ\’,\–*U\Ôö\’B¨\0',1),(14,_binary 'µ\’-K*U\Ôö\’B¨\0',1),(14,_binary 'µ\’.ù*U\Ôö\’B¨\0',0),(14,_binary 'µ\’1\«*U\Ôö\’B¨\0',0),(14,_binary 'µ\’5\n*U\Ôö\’B¨\0',1),(14,_binary 'µ\’6*U\Ôö\’B¨\0',1),(14,_binary 'µ\’6É*U\Ôö\’B¨\0',0),(14,_binary 'µ\’7ø*U\Ôö\’B¨\0',0),(14,_binary 'µ\’7˝*U\Ôö\’B¨\0',1),(14,_binary 'µ\’8;*U\Ôö\’B¨\0',1),(14,_binary 'µ\’8x*U\Ôö\’B¨\0',1),(14,_binary 'µ\’8\ˆ*U\Ôö\’B¨\0',0),(14,_binary 'µ\’94*U\Ôö\’B¨\0',1),(14,_binary 'µ\’”¥*U\Ôö\’B¨\0',1),(14,_binary 'µ\’\‘\‡*U\Ôö\’B¨\0',0),(14,_binary 'µ\’’Ç*U\Ôö\’B¨\0',1),(15,_binary 'µ\’+\÷*U\Ôö\’B¨\0',1),(15,_binary 'µ\’-\Â*U\Ôö\’B¨\0',0),(15,_binary 'µ\’.`*U\Ôö\’B¨\0',1),(15,_binary 'µ\’0N*U\Ôö\’B¨\0',0),(15,_binary 'µ\’1\«*U\Ôö\’B¨\0',0),(15,_binary 'µ\’2*U\Ôö\’B¨\0',0),(15,_binary 'µ\’6\≈*U\Ôö\’B¨\0',0),(15,_binary 'µ\’7Å*U\Ôö\’B¨\0',0),(15,_binary 'µ\’”¥*U\Ôö\’B¨\0',0),(16,_binary 'µ\’+\÷*U\Ôö\’B¨\0',1),(16,_binary 'µ\’,T*U\Ôö\’B¨\0',1),(16,_binary 'µ\’,\–*U\Ôö\’B¨\0',0),(16,_binary 'µ\’-•*U\Ôö\’B¨\0',1),(16,_binary 'µ\’.ù*U\Ôö\’B¨\0',1),(16,_binary 'µ\’/ï*U\Ôö\’B¨\0',0),(16,_binary 'µ\’/\”*U\Ôö\’B¨\0',1),(16,_binary 'µ\’0N*U\Ôö\’B¨\0',1),(16,_binary 'µ\’1\«*U\Ôö\’B¨\0',1),(16,_binary 'µ\’2Ä*U\Ôö\’B¨\0',1),(16,_binary 'µ\’5L*U\Ôö\’B¨\0',0),(16,_binary 'µ\’6\≈*U\Ôö\’B¨\0',0),(16,_binary 'µ\’7A*U\Ôö\’B¨\0',1),(16,_binary 'µ\’8\ˆ*U\Ôö\’B¨\0',0),(16,_binary 'µ\’94*U\Ôö\’B¨\0',1),(16,_binary 'µ\’”¥*U\Ôö\’B¨\0',0),(16,_binary 'µ\’‘â*U\Ôö\’B¨\0',0),(17,_binary 'µ\’,\–*U\Ôö\’B¨\0',0),(17,_binary 'µ\’/W*U\Ôö\’B¨\0',0),(17,_binary 'µ\’/ï*U\Ôö\’B¨\0',1),(17,_binary 'µ\’1*U\Ôö\’B¨\0',0),(17,_binary 'µ\’1â*U\Ôö\’B¨\0',0),(17,_binary 'µ\’1\«*U\Ôö\’B¨\0',0),(17,_binary 'µ\’2*U\Ôö\’B¨\0',0),(17,_binary 'µ\’5ã*U\Ôö\’B¨\0',1),(17,_binary 'µ\’6*U\Ôö\’B¨\0',0),(17,_binary 'µ\’7˝*U\Ôö\’B¨\0',0),(17,_binary 'µ\’’Ç*U\Ôö\’B¨\0',1),(18,_binary 'µ\’.ù*U\Ôö\’B¨\0',0),(18,_binary 'µ\’/W*U\Ôö\’B¨\0',0),(18,_binary 'µ\’0\Œ*U\Ôö\’B¨\0',1),(18,_binary 'µ\’1*U\Ôö\’B¨\0',1),(18,_binary 'µ\’2Ä*U\Ôö\’B¨\0',0),(18,_binary 'µ\’6\≈*U\Ôö\’B¨\0',0),(18,_binary 'µ\’\’8*U\Ôö\’B¨\0',1),(18,_binary 'µ\’’Ç*U\Ôö\’B¨\0',1),(19,_binary 'µ\’-K*U\Ôö\’B¨\0',1),(19,_binary 'µ\’/*U\Ôö\’B¨\0',0),(19,_binary 'µ\’/ï*U\Ôö\’B¨\0',1),(19,_binary 'µ\’0å*U\Ôö\’B¨\0',0),(19,_binary 'µ\’1â*U\Ôö\’B¨\0',1),(19,_binary 'µ\’4ß*U\Ôö\’B¨\0',0),(19,_binary 'µ\’5ã*U\Ôö\’B¨\0',1),(19,_binary 'µ\’7Å*U\Ôö\’B¨\0',0),(19,_binary 'µ\’’Ç*U\Ôö\’B¨\0',1),(20,_binary 'µ\’+\÷*U\Ôö\’B¨\0',1),(20,_binary 'µ\’,í*U\Ôö\’B¨\0',1),(20,_binary 'µ\’-K*U\Ôö\’B¨\0',1),(20,_binary 'µ\’/W*U\Ôö\’B¨\0',1),(20,_binary 'µ\’5L*U\Ôö\’B¨\0',0),(20,_binary 'µ\’6*U\Ôö\’B¨\0',0),(20,_binary 'µ\’8;*U\Ôö\’B¨\0',1),(21,_binary 'µ\’,\–*U\Ôö\’B¨\0',0),(21,_binary 'µ\’-K*U\Ôö\’B¨\0',1),(21,_binary 'µ\’/\”*U\Ôö\’B¨\0',1),(21,_binary 'µ\’5\n*U\Ôö\’B¨\0',0),(21,_binary 'µ\’5L*U\Ôö\’B¨\0',1),(21,_binary 'µ\’‘â*U\Ôö\’B¨\0',0),(21,_binary 'µ\’\‘\‡*U\Ôö\’B¨\0',0),(22,_binary 'µ\’-\Â*U\Ôö\’B¨\0',1),(22,_binary 'µ\’.`*U\Ôö\’B¨\0',0),(22,_binary 'µ\’/\”*U\Ôö\’B¨\0',1),(22,_binary 'µ\’0å*U\Ôö\’B¨\0',0),(22,_binary 'µ\’1\«*U\Ôö\’B¨\0',0),(22,_binary 'µ\’2*U\Ôö\’B¨\0',1),(22,_binary 'µ\’2B*U\Ôö\’B¨\0',0),(22,_binary 'µ\’5L*U\Ôö\’B¨\0',1),(22,_binary 'µ\’5\œ*U\Ôö\’B¨\0',1),(22,_binary 'µ\’6*U\Ôö\’B¨\0',0),(22,_binary 'µ\’7*U\Ôö\’B¨\0',0),(22,_binary 'µ\’7ø*U\Ôö\’B¨\0',0),(22,_binary 'µ\’”¥*U\Ôö\’B¨\0',1),(22,_binary 'µ\’\’\»*U\Ôö\’B¨\0',0),(23,_binary 'µ\’,*U\Ôö\’B¨\0',1),(23,_binary 'µ\’,\–*U\Ôö\’B¨\0',0),(23,_binary 'µ\’/*U\Ôö\’B¨\0',0),(23,_binary 'µ\’0å*U\Ôö\’B¨\0',0),(23,_binary 'µ\’1*U\Ôö\’B¨\0',0),(23,_binary 'µ\’5\n*U\Ôö\’B¨\0',0),(23,_binary 'µ\’6É*U\Ôö\’B¨\0',1),(23,_binary 'µ\’’Ç*U\Ôö\’B¨\0',1),(24,_binary 'µ\’+\÷*U\Ôö\’B¨\0',0),(24,_binary 'µ\’,\–*U\Ôö\’B¨\0',0),(24,_binary 'µ\’/*U\Ôö\’B¨\0',1),(24,_binary 'µ\’/ï*U\Ôö\’B¨\0',0),(24,_binary 'µ\’/\”*U\Ôö\’B¨\0',0),(24,_binary 'µ\’0\Œ*U\Ôö\’B¨\0',1),(24,_binary 'µ\’6É*U\Ôö\’B¨\0',0),(24,_binary 'µ\’7Å*U\Ôö\’B¨\0',1),(24,_binary 'µ\’7ø*U\Ôö\’B¨\0',1),(24,_binary 'µ\’8\ˆ*U\Ôö\’B¨\0',0),(24,_binary 'µ\’94*U\Ôö\’B¨\0',0),(24,_binary 'µ\’\‘\‡*U\Ôö\’B¨\0',0),(25,_binary 'µ\’-*U\Ôö\’B¨\0',1),(25,_binary 'µ\’-K*U\Ôö\’B¨\0',1),(25,_binary 'µ\’.ù*U\Ôö\’B¨\0',0),(25,_binary 'µ\’0N*U\Ôö\’B¨\0',1),(25,_binary 'µ\’0å*U\Ôö\’B¨\0',1),(25,_binary 'µ\’6*U\Ôö\’B¨\0',0),(25,_binary 'µ\’8x*U\Ôö\’B¨\0',0),(25,_binary 'µ\’8∏*U\Ôö\’B¨\0',1),(26,_binary 'µ\’,\–*U\Ôö\’B¨\0',0),(26,_binary 'µ\’.#*U\Ôö\’B¨\0',1),(26,_binary 'µ\’/*U\Ôö\’B¨\0',0),(26,_binary 'µ\’/W*U\Ôö\’B¨\0',1),(26,_binary 'µ\’0N*U\Ôö\’B¨\0',1),(26,_binary 'µ\’5ã*U\Ôö\’B¨\0',0),(26,_binary 'µ\’6\≈*U\Ôö\’B¨\0',1),(26,_binary 'µ\’7Å*U\Ôö\’B¨\0',1),(26,_binary 'µ\’8;*U\Ôö\’B¨\0',0),(26,_binary 'µ\’8\ˆ*U\Ôö\’B¨\0',1),(26,_binary 'µ\’\’8*U\Ôö\’B¨\0',1),(27,_binary 'µ\’,\–*U\Ôö\’B¨\0',1),(27,_binary 'µ\’-\Â*U\Ôö\’B¨\0',1),(27,_binary 'µ\’.#*U\Ôö\’B¨\0',0),(27,_binary 'µ\’/ï*U\Ôö\’B¨\0',0),(27,_binary 'µ\’6*U\Ôö\’B¨\0',1),(27,_binary 'µ\’6É*U\Ôö\’B¨\0',1),(27,_binary 'µ\’8∏*U\Ôö\’B¨\0',0),(28,_binary 'µ\’+\÷*U\Ôö\’B¨\0',1),(28,_binary 'µ\’-K*U\Ôö\’B¨\0',1),(28,_binary 'µ\’-•*U\Ôö\’B¨\0',0),(28,_binary 'µ\’.\€*U\Ôö\’B¨\0',1),(28,_binary 'µ\’0å*U\Ôö\’B¨\0',1),(28,_binary 'µ\’2Ä*U\Ôö\’B¨\0',0),(28,_binary 'µ\’6*U\Ôö\’B¨\0',1),(28,_binary 'µ\’6\≈*U\Ôö\’B¨\0',0),(28,_binary 'µ\’7*U\Ôö\’B¨\0',0),(28,_binary 'µ\’7Å*U\Ôö\’B¨\0',0),(28,_binary 'µ\’7˝*U\Ôö\’B¨\0',0),(28,_binary 'µ\’8;*U\Ôö\’B¨\0',1),(28,_binary 'µ\’\’\»*U\Ôö\’B¨\0',0),(29,_binary 'µ\’+\÷*U\Ôö\’B¨\0',1),(29,_binary 'µ\’-K*U\Ôö\’B¨\0',1),(29,_binary 'µ\’0N*U\Ôö\’B¨\0',1),(29,_binary 'µ\’2Ä*U\Ôö\’B¨\0',0),(29,_binary 'µ\’5\n*U\Ôö\’B¨\0',1),(29,_binary 'µ\’6É*U\Ôö\’B¨\0',1),(29,_binary 'µ\’7˝*U\Ôö\’B¨\0',0),(29,_binary 'µ\’”¥*U\Ôö\’B¨\0',0),(29,_binary 'µ\’\’\»*U\Ôö\’B¨\0',1),(30,_binary 'µ\’-*U\Ôö\’B¨\0',1),(30,_binary 'µ\’-K*U\Ôö\’B¨\0',0),(30,_binary 'µ\’-•*U\Ôö\’B¨\0',1),(30,_binary 'µ\’.`*U\Ôö\’B¨\0',1),(30,_binary 'µ\’/ï*U\Ôö\’B¨\0',1),(30,_binary 'µ\’0å*U\Ôö\’B¨\0',0),(30,_binary 'µ\’5\œ*U\Ôö\’B¨\0',1),(30,_binary 'µ\’7Å*U\Ôö\’B¨\0',0),(30,_binary 'µ\’7˝*U\Ôö\’B¨\0',1),(30,_binary 'µ\’8;*U\Ôö\’B¨\0',0),(31,_binary 'µ\’/*U\Ôö\’B¨\0',1),(31,_binary 'µ\’/ï*U\Ôö\’B¨\0',0),(31,_binary 'µ\’1â*U\Ôö\’B¨\0',0),(31,_binary 'µ\’2*U\Ôö\’B¨\0',0),(31,_binary 'µ\’4ß*U\Ôö\’B¨\0',0),(31,_binary 'µ\’5ã*U\Ôö\’B¨\0',1),(31,_binary 'µ\’6É*U\Ôö\’B¨\0',1),(31,_binary 'µ\’7*U\Ôö\’B¨\0',1),(31,_binary 'µ\’7˝*U\Ôö\’B¨\0',1),(31,_binary 'µ\’8;*U\Ôö\’B¨\0',1),(31,_binary 'µ\’‘â*U\Ôö\’B¨\0',1),(31,_binary 'µ\’\‘\‡*U\Ôö\’B¨\0',1),(31,_binary 'µ\’\’8*U\Ôö\’B¨\0',0),(31,_binary 'µ\’\’\»*U\Ôö\’B¨\0',0),(32,_binary 'µ\’+\÷*U\Ôö\’B¨\0',1),(32,_binary 'µ\’.ù*U\Ôö\’B¨\0',0),(32,_binary 'µ\’/*U\Ôö\’B¨\0',0),(32,_binary 'µ\’4ß*U\Ôö\’B¨\0',0),(32,_binary 'µ\’5L*U\Ôö\’B¨\0',1),(32,_binary 'µ\’6\≈*U\Ôö\’B¨\0',0),(32,_binary 'µ\’7A*U\Ôö\’B¨\0',1),(32,_binary 'µ\’8∏*U\Ôö\’B¨\0',0),(32,_binary 'µ\’‘â*U\Ôö\’B¨\0',0),(32,_binary 'µ\’’Ç*U\Ôö\’B¨\0',0),(33,_binary 'µ\’+\÷*U\Ôö\’B¨\0',1),(33,_binary 'µ\’-K*U\Ôö\’B¨\0',1),(33,_binary 'µ\’-•*U\Ôö\’B¨\0',0),(33,_binary 'µ\’2*U\Ôö\’B¨\0',0),(33,_binary 'µ\’2Ä*U\Ôö\’B¨\0',0),(33,_binary 'µ\’4ß*U\Ôö\’B¨\0',0),(33,_binary 'µ\’5ã*U\Ôö\’B¨\0',0),(33,_binary 'µ\’5\œ*U\Ôö\’B¨\0',1),(33,_binary 'µ\’7A*U\Ôö\’B¨\0',1),(33,_binary 'µ\’7˝*U\Ôö\’B¨\0',1),(33,_binary 'µ\’94*U\Ôö\’B¨\0',1),(33,_binary 'µ\’\’\»*U\Ôö\’B¨\0',1),(34,_binary 'µ\’,*U\Ôö\’B¨\0',0),(34,_binary 'µ\’,T*U\Ôö\’B¨\0',1),(34,_binary 'µ\’-•*U\Ôö\’B¨\0',0),(34,_binary 'µ\’-\Â*U\Ôö\’B¨\0',1),(34,_binary 'µ\’.\€*U\Ôö\’B¨\0',1),(34,_binary 'µ\’5\œ*U\Ôö\’B¨\0',1),(34,_binary 'µ\’6*U\Ôö\’B¨\0',0),(34,_binary 'µ\’7ø*U\Ôö\’B¨\0',1),(34,_binary 'µ\’8;*U\Ôö\’B¨\0',0),(35,_binary 'µ\’-*U\Ôö\’B¨\0',1),(35,_binary 'µ\’1â*U\Ôö\’B¨\0',0),(35,_binary 'µ\’2B*U\Ôö\’B¨\0',1),(35,_binary 'µ\’5\n*U\Ôö\’B¨\0',0),(35,_binary 'µ\’5ã*U\Ôö\’B¨\0',1),(36,_binary 'µ\’,\–*U\Ôö\’B¨\0',1),(36,_binary 'µ\’.\€*U\Ôö\’B¨\0',1),(36,_binary 'µ\’/*U\Ôö\’B¨\0',1),(36,_binary 'µ\’0\Œ*U\Ôö\’B¨\0',1),(36,_binary 'µ\’1*U\Ôö\’B¨\0',0),(36,_binary 'µ\’1L*U\Ôö\’B¨\0',0),(36,_binary 'µ\’5L*U\Ôö\’B¨\0',1),(36,_binary 'µ\’7˝*U\Ôö\’B¨\0',1),(36,_binary 'µ\’”¥*U\Ôö\’B¨\0',1),(37,_binary 'µ\’,*U\Ôö\’B¨\0',0),(37,_binary 'µ\’/*U\Ôö\’B¨\0',1),(37,_binary 'µ\’2Ä*U\Ôö\’B¨\0',1),(37,_binary 'µ\’\’8*U\Ôö\’B¨\0',1),(38,_binary 'µ\’,\–*U\Ôö\’B¨\0',1),(38,_binary 'µ\’.`*U\Ôö\’B¨\0',1),(38,_binary 'µ\’.\€*U\Ôö\’B¨\0',1),(38,_binary 'µ\’/ï*U\Ôö\’B¨\0',0),(38,_binary 'µ\’6*U\Ôö\’B¨\0',1),(38,_binary 'µ\’6\≈*U\Ôö\’B¨\0',0),(38,_binary 'µ\’\’8*U\Ôö\’B¨\0',0),(38,_binary 'µ\’\’\»*U\Ôö\’B¨\0',0),(39,_binary 'µ\’+\÷*U\Ôö\’B¨\0',0),(39,_binary 'µ\’.`*U\Ôö\’B¨\0',1),(39,_binary 'µ\’0*U\Ôö\’B¨\0',1),(39,_binary 'µ\’‘â*U\Ôö\’B¨\0',1),(39,_binary 'µ\’\’8*U\Ôö\’B¨\0',0),(40,_binary 'µ\’,*U\Ôö\’B¨\0',1),(40,_binary 'µ\’/*U\Ôö\’B¨\0',0),(40,_binary 'µ\’2Ä*U\Ôö\’B¨\0',1),(40,_binary 'µ\’5\n*U\Ôö\’B¨\0',0),(40,_binary 'µ\’6\≈*U\Ôö\’B¨\0',1),(40,_binary 'µ\’8;*U\Ôö\’B¨\0',1),(40,_binary 'µ\’\’\»*U\Ôö\’B¨\0',0),(41,_binary 'µ\’-•*U\Ôö\’B¨\0',1),(41,_binary 'µ\’/*U\Ôö\’B¨\0',0),(41,_binary 'µ\’/\”*U\Ôö\’B¨\0',1),(41,_binary 'µ\’0\Œ*U\Ôö\’B¨\0',0),(41,_binary 'µ\’1*U\Ôö\’B¨\0',1),(41,_binary 'µ\’1L*U\Ôö\’B¨\0',0),(41,_binary 'µ\’4ß*U\Ôö\’B¨\0',0),(41,_binary 'µ\’6*U\Ôö\’B¨\0',1),(41,_binary 'µ\’7*U\Ôö\’B¨\0',0),(41,_binary 'µ\’7A*U\Ôö\’B¨\0',0),(41,_binary 'µ\’7˝*U\Ôö\’B¨\0',1),(41,_binary 'µ\’8;*U\Ôö\’B¨\0',1),(41,_binary 'µ\’94*U\Ôö\’B¨\0',1),(42,_binary 'µ\’.ù*U\Ôö\’B¨\0',1),(42,_binary 'µ\’.\€*U\Ôö\’B¨\0',1),(42,_binary 'µ\’0å*U\Ôö\’B¨\0',1),(42,_binary 'µ\’1*U\Ôö\’B¨\0',1),(42,_binary 'µ\’1\«*U\Ôö\’B¨\0',1),(42,_binary 'µ\’2B*U\Ôö\’B¨\0',0),(42,_binary 'µ\’8\ˆ*U\Ôö\’B¨\0',0),(42,_binary 'µ\’94*U\Ôö\’B¨\0',0),(43,_binary 'µ\’+\÷*U\Ôö\’B¨\0',1),(43,_binary 'µ\’-K*U\Ôö\’B¨\0',0),(43,_binary 'µ\’-•*U\Ôö\’B¨\0',1),(43,_binary 'µ\’-\Â*U\Ôö\’B¨\0',1),(43,_binary 'µ\’/*U\Ôö\’B¨\0',0),(43,_binary 'µ\’0N*U\Ôö\’B¨\0',1),(43,_binary 'µ\’1L*U\Ôö\’B¨\0',0),(43,_binary 'µ\’1â*U\Ôö\’B¨\0',0),(43,_binary 'µ\’2B*U\Ôö\’B¨\0',1),(43,_binary 'µ\’5L*U\Ôö\’B¨\0',1),(43,_binary 'µ\’6*U\Ôö\’B¨\0',1),(43,_binary 'µ\’7A*U\Ôö\’B¨\0',0),(44,_binary 'µ\’5L*U\Ôö\’B¨\0',0),(44,_binary 'µ\’5\œ*U\Ôö\’B¨\0',0),(44,_binary 'µ\’6*U\Ôö\’B¨\0',1),(44,_binary 'µ\’6É*U\Ôö\’B¨\0',0),(44,_binary 'µ\’7A*U\Ôö\’B¨\0',0),(44,_binary 'µ\’8;*U\Ôö\’B¨\0',1),(44,_binary 'µ\’8∏*U\Ôö\’B¨\0',0),(44,_binary 'µ\’”¥*U\Ôö\’B¨\0',0),(44,_binary 'µ\’\’8*U\Ôö\’B¨\0',1),(45,_binary 'µ\’,*U\Ôö\’B¨\0',1),(45,_binary 'µ\’-*U\Ôö\’B¨\0',1),(45,_binary 'µ\’-K*U\Ôö\’B¨\0',0),(45,_binary 'µ\’-\Â*U\Ôö\’B¨\0',0),(45,_binary 'µ\’.`*U\Ôö\’B¨\0',1),(45,_binary 'µ\’0å*U\Ôö\’B¨\0',0),(45,_binary 'µ\’5\œ*U\Ôö\’B¨\0',0),(45,_binary 'µ\’6\≈*U\Ôö\’B¨\0',1),(45,_binary 'µ\’7˝*U\Ôö\’B¨\0',0),(45,_binary 'µ\’8∏*U\Ôö\’B¨\0',0),(45,_binary 'µ\’’Ç*U\Ôö\’B¨\0',0),(46,_binary 'µ\’.`*U\Ôö\’B¨\0',1),(46,_binary 'µ\’2B*U\Ôö\’B¨\0',0),(46,_binary 'µ\’5\œ*U\Ôö\’B¨\0',1),(46,_binary 'µ\’\’8*U\Ôö\’B¨\0',0),(47,_binary 'µ\’,\–*U\Ôö\’B¨\0',1),(47,_binary 'µ\’-\Â*U\Ôö\’B¨\0',0),(47,_binary 'µ\’.\€*U\Ôö\’B¨\0',0),(47,_binary 'µ\’/W*U\Ôö\’B¨\0',0),(47,_binary 'µ\’0*U\Ôö\’B¨\0',1),(47,_binary 'µ\’2B*U\Ôö\’B¨\0',1),(47,_binary 'µ\’5\n*U\Ôö\’B¨\0',1),(48,_binary 'µ\’,T*U\Ôö\’B¨\0',0),(48,_binary 'µ\’0\Œ*U\Ôö\’B¨\0',0),(48,_binary 'µ\’2B*U\Ôö\’B¨\0',1),(48,_binary 'µ\’2Ä*U\Ôö\’B¨\0',1),(48,_binary 'µ\’7*U\Ôö\’B¨\0',1),(48,_binary 'µ\’8∏*U\Ôö\’B¨\0',1),(48,_binary 'µ\’94*U\Ôö\’B¨\0',1),(48,_binary 'µ\’\’\»*U\Ôö\’B¨\0',1),(49,_binary 'µ\’,T*U\Ôö\’B¨\0',0),(49,_binary 'µ\’-*U\Ôö\’B¨\0',0),(49,_binary 'µ\’-\Â*U\Ôö\’B¨\0',0),(49,_binary 'µ\’.\€*U\Ôö\’B¨\0',0),(49,_binary 'µ\’/W*U\Ôö\’B¨\0',1),(49,_binary 'µ\’0N*U\Ôö\’B¨\0',0),(49,_binary 'µ\’1*U\Ôö\’B¨\0',1),(49,_binary 'µ\’1\«*U\Ôö\’B¨\0',0),(49,_binary 'µ\’2*U\Ôö\’B¨\0',1),(49,_binary 'µ\’4ß*U\Ôö\’B¨\0',0),(49,_binary 'µ\’6\≈*U\Ôö\’B¨\0',1),(49,_binary 'µ\’7A*U\Ôö\’B¨\0',0),(49,_binary 'µ\’7Å*U\Ôö\’B¨\0',1),(49,_binary 'µ\’7˝*U\Ôö\’B¨\0',0),(49,_binary 'µ\’8x*U\Ôö\’B¨\0',1);
/*!40000 ALTER TABLE `user_event_attendance` ENABLE KEYS */;
UNLOCK TABLES;

--
-- Table structure for table `users`
--

DROP TABLE IF EXISTS `users`;
/*!40101 SET @saved_cs_client     = @@character_set_client */;
/*!50503 SET character_set_client = utf8mb4 */;
CREATE TABLE `users` (
  `user_id` binary(16) NOT NULL DEFAULT (uuid_to_bin(uuid())),
  `google_uid` decimal(21,0) DEFAULT NULL,
  `password_hash` binary(60) DEFAULT NULL,
  `first_name` varchar(64) NOT NULL,
  `last_name` varchar(64) NOT NULL,
  `phone_num` varchar(14) DEFAULT NULL,
  `email` varchar(320) NOT NULL,
  `postcode` int DEFAULT NULL,
  `image_url` varchar(64) DEFAULT '/image/1',
  `email_notifications` tinyint(1) DEFAULT '1',
  `branch_managed` int DEFAULT NULL,
  `system_admin` tinyint(1) DEFAULT '0',
  PRIMARY KEY (`user_id`),
  KEY `branch_managed` (`branch_managed`),
  CONSTRAINT `users_ibfk_1` FOREIGN KEY (`branch_managed`) REFERENCES `branches` (`branch_id`) ON DELETE SET NULL
) ENGINE=InnoDB DEFAULT CHARSET=utf8mb4 COLLATE=utf8mb4_0900_ai_ci;
/*!40101 SET character_set_client = @saved_cs_client */;

--
-- Dumping data for table `users`
--

LOCK TABLES `users` WRITE;
/*!40000 ALTER TABLE `users` DISABLE KEYS */;
INSERT INTO `users` VALUES (_binary 'µ\’\ZO*U\Ôö\’B¨\0',NULL,_binary '$2b$12$K7FKZDHu6i8W1aKZ4Twfi.ss6wDc4geAn87UIvmkELQZgN13SrGLu','Arthur','Davenport','0410 545 795','arthur.davenport@icloud.com',2619,'/image/1',1,NULL,0),(_binary 'µ\’\⁄*U\Ôö\’B¨\0',NULL,_binary '$2b$12$hQ8/S1jt7uy/dxCN5je4X.itfDbVo6BRZJQ4Xzhyti.rqn0UfAok2','Bobby','Myers','0426 310 292','bobby.myers@outlook.com',2619,'/image/1',1,NULL,0),(_binary 'µ\’@*U\Ôö\’B¨\0',NULL,_binary '$2b$12$dgn8ZuN.Ax4Zis4Cuw1dSu8R7yDDrpfKksXd8yUhkmAYiNUj7xSRm','Hannah','Walker','0448 202 694','hannah.walker@yahoo.com',2665,'/image/1',1,NULL,0),(_binary 'µ\’\‚*U\Ôö\’B¨\0',NULL,_binary '$2b$12$JwkcpTz2gj.KI2zHA7xdQupCmtFcadPRCMASp1K/GEDDw6zqaewt.','Christina','Green','0475 583 807','christina.green@yahoo.com',2643,'/image/1',1,NULL,0),(_binary 'µ\’**U\Ôö\’B¨\0',NULL,_binary '$2b$12$5c1JYTxJlHZqQSD0Bqa1Ge3fmmTa4MDyjmC1gvRnfwwlHu9PJS4S2','Tony','Howard','0417 303 293','tony.howard@outlook.com',2876,'/image/1',1,NULL,0),(_binary 'µ\’l*U\Ôö\’B¨\0',NULL,_binary '$2b$12$3d8QLlk.7tn/aRJRPLu2jeyCr5ZT4EmppScfFk9bp.P8brR9ADnSe','Miranda','Holmes','0413 339 314','miranda.holmes@yahoo.com',4766,'/image/1',1,NULL,0),(_binary 'µ\’∞*U\Ôö\’B¨\0',NULL,_binary '$2b$12$Yk/FroGl7sc/9rORbXDcVuUwA9yPFsJd6KQWJosT36WJB0sxYXXPK','Brooke','Grimes','0404 778 956','brooke.grimes@yahoo.com',2907,'/image/1',1,NULL,0),(_binary 'µ\’\Ù*U\Ôö\’B¨\0',NULL,_binary '$2b$12$v0HTgQ8WCv6LSKCHyFlGvO2DQc19A1WjclHzi/paw29625ivLEjda','Edward','Mason','0454 146 664','edward.mason@yahoo.com',2180,'/image/1',1,NULL,0),(_binary 'µ\’5*U\Ôö\’B¨\0',NULL,_binary '$2b$12$K40fKBXqEwJunSTsgBrTh.Yudi4vA/a8SqRh3JBABwr0rTYYLa2.S','Elizabeth','Myers','0464 855 681','elizabeth.myers@gmail.com',9324,'/image/1',1,NULL,0),(_binary 'µ\’t*U\Ôö\’B¨\0',NULL,_binary '$2b$12$oteUc9j5U3uH9FFgtm2do.rpjMPaB524BfvzrdJ5GnzpamlNwiVjm','Cameron','Hall','0412 224 674','cameron.hall@outlook.com',2977,'/image/1',1,NULL,0),(_binary 'µ\’≤*U\Ôö\’B¨\0',NULL,_binary '$2b$12$t1tkK7j3DHJ/YK83XUwqSOn3DvZLGkdOBQ.pBd7L2qw5e5PPP7xZe','Jacob','Miller','0468 396 980','jacob.miller@gmail.com',2929,'/image/1',1,NULL,0),(_binary 'µ\’\Ò*U\Ôö\’B¨\0',NULL,_binary '$2b$12$FMmYcrkX3AvS8Mr/bk6M0.HpCGAnq6ljuMDH2f46PhCRwtZ.rhXfu','Tanya','Hunt','0420 105 922','tanya.hunt@yahoo.com',2951,'/image/1',1,NULL,0),(_binary 'µ\’ <*U\Ôö\’B¨\0',NULL,_binary '$2b$12$bjHz4co2puvgpppNZSdysOwwqgK2CYGx3SnSplSWCkodt1WYyZyCy','Kenneth','Lewis','0483 202 334','kenneth.lewis@gmail.com',2665,'/image/1',1,NULL,0),(_binary 'µ\’ \Ê*U\Ôö\’B¨\0',NULL,_binary '$2b$12$PAHLQrYZh9Vb8Iz8XVL/cOhk.Z5ziPScl/UrUxFBvalbv4CRDkYS6','Joy','Valdez','0432 696 497','joy.valdez@yahoo.com',2985,'/image/1',1,NULL,0),(_binary 'µ\’!h*U\Ôö\’B¨\0',NULL,_binary '$2b$12$q0bIvHBu2LNEjuiBMvvV.eG2p3jQzqD4Y7eeLsPww6acPldVR9Z42','Logan','Miller','0435 121 639','logan.miller@icloud.com',2948,'/image/1',1,NULL,0),(_binary 'µ\’!º*U\Ôö\’B¨\0',NULL,_binary '$2b$12$VBf4PMx85f/5Iklahu7yoeTX6RuRJUt8bpooj4UmE.nkozWnDZmn.','Brett','Miller','0486 463 406','brett.miller@yahoo.com',2665,'/image/1',1,NULL,0),(_binary 'µ\’\"3*U\Ôö\’B¨\0',NULL,_binary '$2b$12$xuhP080XqeNJFOEfplqkZubuVnRgMvwUAfcYammYWzfrSdXMNa/Na','Stephanie','Stephens','0484 141 589','stephanie.stephens@outlook.com',2693,'/image/1',1,NULL,0),(_binary 'µ\’\"\’*U\Ôö\’B¨\0',NULL,_binary '$2b$12$soAlxj1Dta3ap5d1frfgveeWmwKvHrTpVC0LoW/77X6byXIk1DCH.','Alexander','Obrien','0403 410 373','alexander.obrien@outlook.com',2619,'/image/1',1,NULL,0),(_binary 'µ\’#*U\Ôö\’B¨\0',NULL,_binary '$2b$12$TI8pIdIrsT8SVdniPhXHiu2aFOagvWiBAs8We.1omZ.C80DvLzaAm','Taylor','Wilson','0471 651 497','taylor.wilson@yahoo.com',2947,'/image/1',1,NULL,0),(_binary 'µ\’#Y*U\Ôö\’B¨\0',NULL,_binary '$2b$12$YBMedR4rGHMCNCsMQcDCyuwY0iO8Dw76dmtFMVMPleHutIoKJkjka','Melanie','May','0472 734 147','melanie.may@yahoo.com',4380,'/image/1',1,NULL,0),(_binary 'µ\’#ö*U\Ôö\’B¨\0',NULL,_binary '$2b$12$TibFZTcJLPSIVlWtAlmqQO2mIRI3ksMV3OlxYEZwNX.LManEw/JBm','Dennis','Green','0488 171 304','dennis.green@icloud.com',2900,'/image/1',1,NULL,0),(_binary 'µ\’#\ÿ*U\Ôö\’B¨\0',NULL,_binary '$2b$12$xOiUaAE7hVWw.MlwR0swi.W.yPvZz5lK8WFpDZJM4HPEyO9/UjfcS','Matthew','Ward','0445 103 818','matthew.ward@yahoo.com',2638,'/image/1',1,NULL,0),(_binary 'µ\’$*U\Ôö\’B¨\0',NULL,_binary '$2b$12$Um0tTLChaq0nqGfijaD6VO1eQRWvjMrucGodfcW8nI5..FXop8kDO','Christopher','Lopez','0485 719 664','christopher.lopez@outlook.com',2971,'/image/1',1,NULL,0),(_binary 'µ\’$W*U\Ôö\’B¨\0',NULL,_binary '$2b$12$FncN8uJgZqe4fsuVqRK1h.VTOxF4YN9fdcPUgAou8MzO7QKiibVWa','Margaret','Leach','0471 210 665','margaret.leach@gmail.com',2326,'/image/1',1,NULL,0),(_binary 'µ\’$ï*U\Ôö\’B¨\0',NULL,_binary '$2b$12$SctT3G424ck7lI6t5kKBV.adMFSA.GAP6cXJibA9frId3AF4l77v6','Katherine','Bishop','0454 638 578','katherine.bishop@gmail.com',2698,'/image/1',1,NULL,0),(_binary 'µ\’$\ÿ*U\Ôö\’B¨\0',NULL,_binary '$2b$12$014Yu85zcCw.W6/qT.vxo.UTFy0AwNIxYY9Rgj7AusA7kQVZJwXMK','Thomas','Lane','0430 724 806','thomas.lane@icloud.com',2456,'/image/1',1,NULL,0),(_binary 'µ\’%*U\Ôö\’B¨\0',NULL,_binary '$2b$12$E3L6BiI82QlG5d73QJ.wNOt0gWf7nZse8AIBDfdc/gvtqxq4vB6UK','Joanna','Miles','0419 384 230','joanna.miles@gmail.com',2944,'/image/1',1,NULL,0),(_binary 'µ\’%S*U\Ôö\’B¨\0',NULL,_binary '$2b$12$z/XUVgc6lvXc0qj9GoKseek5GDKFzI6D4afOCKy3zLq/Yu9a8k5Iy','Russell','Clark','0434 724 609','russell.clark@outlook.com',2108,'/image/1',1,NULL,0),(_binary 'µ\’%\“*U\Ôö\’B¨\0',NULL,_binary '$2b$12$oU.QzeU4NsEv33S1nhGGMOD0K2y1R3UtYH81y11ZecOsxCVLW/0rm','Christopher','Chavez','0435 821 819','christopher.chavez@yahoo.com',4633,'/image/1',1,NULL,0),(_binary 'µ\’&*U\Ôö\’B¨\0',NULL,_binary '$2b$12$muSKWNkkCopkwvNycJ22zebn.uzp1qcm38qwmMSSUAssaZ1Mw05Ua','Jacob','Moreno','0464 830 433','jacob.moreno@outlook.com',2315,'/image/1',1,NULL,0),(_binary 'µ\’&P*U\Ôö\’B¨\0',NULL,_binary '$2b$12$e1w3DEu5OD2D/B8d2ygrL.bfnOijPyFgTeTQ7PKqsHrgfIjYbAYIS','Pamela','Turner','0435 330 121','pamela.turner@outlook.com',2692,'/image/1',1,NULL,0),(_binary 'µ\’&é*U\Ôö\’B¨\0',NULL,_binary '$2b$12$KkB4SZekFxcKzRpCqNFpKOZW9zzvRPM7wmX.CUtWUBYI.d3hrEv6y','Amanda','Gilbert','0420 735 254','amanda.gilbert@icloud.com',2682,'/image/1',1,NULL,0),(_binary 'µ\’&\À*U\Ôö\’B¨\0',NULL,_binary '$2b$12$Vs4FnjZZYGihj/6/p2b/SeAEFn19/rl2BvqeZMnqmM9YWGU3OiUPO','Ryan','Smith','0413 422 758','ryan.smith@icloud.com',2674,'/image/1',1,NULL,0),(_binary 'µ\’\'*U\Ôö\’B¨\0',NULL,_binary '$2b$12$1U8xYAmeGlkQHjRdjp4NjOGCXVn1Ac6VXTvHzgm3tPuEr5l9wZe0K','Matthew','Burns','0469 511 666','matthew.burns@icloud.com',2938,'/image/1',1,NULL,0),(_binary 'µ\’\'E*U\Ôö\’B¨\0',NULL,_binary '$2b$12$Et45xG0GP7aD8lEyph9oZe65Kg6F5u88cV5Z2ePJejwsXh6Xztec2','Corey','Hunter','0434 380 233','corey.hunter@gmail.com',2983,'/image/1',1,NULL,0),(_binary 'µ\’\'Ñ*U\Ôö\’B¨\0',NULL,_binary '$2b$12$b/C4xZ0jCfp00iVNZwQpsOUUCJkRdClp36WkeRM06qW6hTLKZBkEK','Christopher','Carter','0420 284 626','christopher.carter@gmail.com',2637,'/image/1',1,NULL,0),(_binary 'µ\’\'\¬*U\Ôö\’B¨\0',NULL,_binary '$2b$12$nPj6w2LPvb3nh6baFp65RO.8nzU4KQuk6uxQ4Jti7e4UIufgedFDW','Virginia','Stewart','0474 858 808','virginia.stewart@gmail.com',2651,'/image/1',1,NULL,0),(_binary 'µ\’\'˛*U\Ôö\’B¨\0',NULL,_binary '$2b$12$nPBqefrm2QW39sZa3GE1uO4yYOq9Un0vF40UyjJOiDyAKIY/GFsDu','Kayla','Russo','0485 559 717','kayla.russo@gmail.com',5902,'/image/1',1,NULL,0),(_binary 'µ\’(;*U\Ôö\’B¨\0',NULL,_binary '$2b$12$7Iyq2R6FIbIsPNgUOIMcUejR7Y2L8Wm0clvbV.TFuUeYYWF3x8jTq','Eddie','Sloan','0498 748 961','eddie.sloan@gmail.com',2633,'/image/1',1,NULL,0),(_binary 'µ\’(x*U\Ôö\’B¨\0',NULL,_binary '$2b$12$5pxX3loGT23jpaSSR0L4de6mFRsaqb7ju9po1in1z1bCATlbX/L02','Jennifer','Huff','0459 549 836','jennifer.huff@icloud.com',4358,'/image/1',1,NULL,0),(_binary 'µ\’(∂*U\Ôö\’B¨\0',NULL,_binary '$2b$12$JLsS1xSWIiowfGtWFJUdqev2H4yV6Kj1NUv4wuLXbk7CThmnpIUPq','Joshua','Floyd','0471 268 476','joshua.floyd@yahoo.com',2618,'/image/1',1,NULL,0),(_binary 'µ\’(\ı*U\Ôö\’B¨\0',NULL,_binary '$2b$12$dqLWfA1LW5cyuDc.IXMz6ObvJTpOXmccqLPRve71d5ruygbLPalO2','Jennifer','Le','0455 801 266','jennifer.le@outlook.com',2671,'/image/1',1,NULL,0),(_binary 'µ\’)2*U\Ôö\’B¨\0',NULL,_binary '$2b$12$enbaXHxORrXIdAbBz2kZeewfwE/BMErs4CvVnRYFfAa03ayZqZdQq','Scott','Smith','0489 260 675','scott.smith@outlook.com',2684,'/image/1',1,NULL,0),(_binary 'µ\’*c*U\Ôö\’B¨\0',NULL,_binary '$2b$12$qANRm6WXuzQTdl48vaTNZ.8KIowRK/rDfC2Ri5VU.Ngy7rRDNNaMy','Tara','Howard','0452 612 747','tara.howard@yahoo.com',2963,'/image/1',1,NULL,0),(_binary 'µ\’*\⁄*U\Ôö\’B¨\0',NULL,_binary '$2b$12$kOP2l0fgXrn3dReAWIvin.UdjZv6NxIfcsXrr0sjZBnpmqy36Bohu','Rachael','Thomas','0451 209 754','rachael.thomas@gmail.com',2664,'/image/1',1,NULL,0),(_binary 'µ\’+*U\Ôö\’B¨\0',NULL,_binary '$2b$12$GWI/bXVkUr6DVomSWe2ymub6hEn/PZ8Uqjx0D64ukNCzvB1WC759a','Todd','Beard','0455 526 704','todd.beard@yahoo.com',2851,'/image/1',1,NULL,0),(_binary 'µ\’+Y*U\Ôö\’B¨\0',NULL,_binary '$2b$12$AUpCqp2kApblxpwijoNxBuVGIK3gcMMYL1TClpJpMZ26n5AUOzmra','John','White','0445 576 882','john.white@gmail.com',2328,'/image/1',1,NULL,0),(_binary 'µ\’+ò*U\Ôö\’B¨\0',NULL,_binary '$2b$12$L/ABGXkHoSb2i.atfep6cuJM.kE1rMDOW8tIHUEZt1h7HBSUpEU/i','Jared','Roman','0477 542 773','jared.roman@yahoo.com',2911,'/image/1',1,NULL,0),(_binary 'µ\’+\÷*U\Ôö\’B¨\0',NULL,_binary '$2b$12$3/bTDBYf3BTtjzePzEP9se5jzvkCxYjPx52TijgJOPX.87eoXP37W','Walter','Velasquez','0448 535 683','walter.velasquez@gmail.com',2677,'/image/1',1,NULL,0),(_binary 'µ\’,*U\Ôö\’B¨\0',NULL,_binary '$2b$12$fXOo1ttyDiFiHCkwKFUIIOSZYsOMem2PX0wIkdruXqBrE1ZuTrNNe','Richard','Martin','0498 474 709','richard.martin@yahoo.com',2640,'/image/1',1,NULL,0),(_binary 'µ\’,T*U\Ôö\’B¨\0',NULL,_binary '$2b$12$xfnuvZxGwLuMJ6oq9EaA5O5Glez6mI8kZw8KM890PSeVYny8af1Ie','Elizabeth','Hudson','0475 574 110','elizabeth.hudson@gmail.com',2972,'/image/1',1,NULL,0),(_binary 'µ\’,í*U\Ôö\’B¨\0',NULL,_binary '$2b$12$tH0sem0xrw38bAvqSSEX3e7uQtBDWfkpqyLOct6omBqC4KnEibRT2','David','Davis','0429 274 969','david.davis@outlook.com',929,'/image/1',1,NULL,0),(_binary 'µ\’,\–*U\Ôö\’B¨\0',NULL,_binary '$2b$12$WqRoVORoyLSHDGsG47O5lOQ2XWC2trNpCp7mK5kADzFkhv1e7VuH2','Ashley','Dickerson','0475 533 508','ashley.dickerson@outlook.com',2691,'/image/1',1,NULL,0),(_binary 'µ\’-*U\Ôö\’B¨\0',NULL,_binary '$2b$12$7OtkH5tZR9ldWPMiVnVHieeZeasm5Hdp2zO6H0zDv.WN4gXVyzP9C','David','Spencer','0463 858 455','david.spencer@outlook.com',2712,'/image/1',1,NULL,0),(_binary 'µ\’-K*U\Ôö\’B¨\0',NULL,_binary '$2b$12$1SzwlzZ8UhDwKJ6vnHEaeOdtS03lMEEo3Plw7k9ab6rEp1DbCmjhG','Cindy','Herrera','0467 279 610','cindy.herrera@yahoo.com',2912,'/image/1',1,NULL,0),(_binary 'µ\’-•*U\Ôö\’B¨\0',NULL,_binary '$2b$12$agbVRhij/CfPf1HO2VKV.uOyGNnXErgsVgZ1tMDmjPVN5RPSeywdS','Andrew','Mercado','0491 814 702','andrew.mercado@gmail.com',5487,'/image/1',1,NULL,0),(_binary 'µ\’-\Â*U\Ôö\’B¨\0',NULL,_binary '$2b$12$5fIqpIe70eBMmbQpTmtHWO1EP4nWWYhrWveuIjAW2gB6S76cm8OTC','Douglas','Christian','0457 835 915','douglas.christian@yahoo.com',2749,'/image/1',1,NULL,0),(_binary 'µ\’.#*U\Ôö\’B¨\0',NULL,_binary '$2b$12$8RrzRatGax32T3g.vM5oyekLtgFkiHKH18mckHuBpWWYTYO.0RoDG','Charles','Vaughn','0473 840 201','charles.vaughn@icloud.com',7159,'/image/1',1,NULL,0),(_binary 'µ\’.`*U\Ôö\’B¨\0',NULL,_binary '$2b$12$l6G7TZFFkcYG/OuIBDpin.L7NJSoYud6YzQqOzElV.JTwShYPjhru','Melissa','Woods','0459 709 780','melissa.woods@outlook.com',886,'/image/1',1,NULL,0),(_binary 'µ\’.ù*U\Ôö\’B¨\0',NULL,_binary '$2b$12$TLdbEjBf20f0KUYK7yRo2uda3fYTVo875NaFTTc/RSC1/ubtTGUmK','Jennifer','Bass','0484 441 491','jennifer.bass@outlook.com',8119,'/image/1',1,NULL,0),(_binary 'µ\’.\€*U\Ôö\’B¨\0',NULL,_binary '$2b$12$44GD7ExRZXBURYSn0O50V.HipMwWF8ClteaqZhLHE0g0AguVRq06.','Lisa','Blair','0481 134 130','lisa.blair@outlook.com',2629,'/image/1',1,NULL,0),(_binary 'µ\’/*U\Ôö\’B¨\0',NULL,_binary '$2b$12$OYV5K.pb3Kh/iPa.OuzCPuXm8vmrkoEu3k3LMAbdZIIUdTbw5rkS6','Alisha','Nelson','0402 696 948','alisha.nelson@icloud.com',2616,'/image/1',1,NULL,0),(_binary 'µ\’/W*U\Ôö\’B¨\0',NULL,_binary '$2b$12$ZT2ama6AMSryCNoEy.sceeh6kQW/puzHkc4xp7Qk1EoApXPmq6ww.','Carolyn','Greer','0425 572 415','carolyn.greer@yahoo.com',9325,'/image/1',1,NULL,0),(_binary 'µ\’/ï*U\Ôö\’B¨\0',NULL,_binary '$2b$12$kBOANC/ZRUa8R2JvGn4J/uU/Pf1jnXGgt0oMsBG.0OoPeyIyy0DaO','Larry','Smith','0428 472 519','larry.smith@icloud.com',2633,'/image/1',1,NULL,0),(_binary 'µ\’/\”*U\Ôö\’B¨\0',NULL,_binary '$2b$12$tQlVESdC5MwNImM3.5u05eIqIAQonOexjdd27Kwno0/19Llgzzqca','Tonya','Olsen','0495 288 353','tonya.olsen@icloud.com',8637,'/image/1',1,NULL,0),(_binary 'µ\’0*U\Ôö\’B¨\0',NULL,_binary '$2b$12$WPsd0J1O3p6cbaGH7Z7TcuZUA5TIH0dA/UUiu4YaL1jC4mwSfd6oK','Jessica','Wells','0445 404 526','jessica.wells@yahoo.com',2914,'/image/1',1,NULL,0),(_binary 'µ\’0N*U\Ôö\’B¨\0',NULL,_binary '$2b$12$9P/D3gOglwV5cEEf3y6UMOmEDvuWWkho1oT3J.cYD.RefAdLGXNQu','Erin','Meyer','0466 567 444','erin.meyer@gmail.com',2919,'/image/1',1,NULL,0),(_binary 'µ\’0å*U\Ôö\’B¨\0',NULL,_binary '$2b$12$pxixN/hMaphJ7k6MV5mZf.u1ShlcTdBdxQ6PkuuL1s5JVr8cqO7wS','Bonnie','Miller','0476 865 917','bonnie.miller@icloud.com',2233,'/image/1',1,NULL,0),(_binary 'µ\’0\Œ*U\Ôö\’B¨\0',NULL,_binary '$2b$12$QV6vMETKePva9.GZwmhCE.0JHXEdt6egPLtm3zX.NwmVKSh1452C.','Susan','Grant','0408 376 548','susan.grant@yahoo.com',2627,'/image/1',1,NULL,0),(_binary 'µ\’1*U\Ôö\’B¨\0',NULL,_binary '$2b$12$higYkT6nQccFmJYVHKZIC.Hgl1PRTnGLvxJe.g4/8PpKThGvnzYRa','Roger','Patrick','0451 995 422','roger.patrick@outlook.com',2777,'/image/1',1,NULL,0),(_binary 'µ\’1L*U\Ôö\’B¨\0',NULL,_binary '$2b$12$aXS759qETVxBuvAnz3/hnulL8IyhFsoES2T9O9wJJaLzQrYHKnb/q','Amanda','Rubio','0438 198 806','amanda.rubio@icloud.com',2614,'/image/1',1,NULL,0),(_binary 'µ\’1â*U\Ôö\’B¨\0',NULL,_binary '$2b$12$ui4N8hY.B1vqtm8YGFfy/.wukLx5aMTdNxE9S3Nh98Hb8oh5o2Pj.','Sarah','Jackson','0458 918 163','sarah.jackson@gmail.com',8631,'/image/1',1,NULL,0),(_binary 'µ\’1\«*U\Ôö\’B¨\0',NULL,_binary '$2b$12$s6Lz2j0gao11yCD/imFJ/uXUBOBAcpCOylccscf59KTGkr2sDwTqG','Tara','Andersen','0458 209 326','tara.andersen@yahoo.com',2082,'/image/1',1,NULL,0),(_binary 'µ\’2*U\Ôö\’B¨\0',NULL,_binary '$2b$12$kgqu96kOfcLhcQGvAeywg.bd9IFtwIe9evLFmktt.j8zadECxNkyC','Walter','Ramos','0424 243 250','walter.ramos@gmail.com',2239,'/image/1',1,NULL,0),(_binary 'µ\’2B*U\Ôö\’B¨\0',NULL,_binary '$2b$12$6KIVwqF0eaT5dZU76gSON.e/bGusFsOT2nzsqe0IAjMBnDfKBr4am','Taylor','Thompson','0464 400 561','taylor.thompson@outlook.com',2689,'/image/1',1,NULL,0),(_binary 'µ\’2Ä*U\Ôö\’B¨\0',NULL,_binary '$2b$12$i7ix573NHzpNpBZA4837VO2uw8H6c0qGkuC/WV4RxnZKQqUHkSTaK','Taylor','Luna','0418 667 562','taylor.luna@icloud.com',7222,'/image/1',1,NULL,0),(_binary 'µ\’4ß*U\Ôö\’B¨\0',NULL,_binary '$2b$12$YCdcyEvZ2p7Sbk18a2/Lq.6sFJ2PPi1eAZ/08KybLPqxqYMMsX8Gm','Patrick','Robinson','0439 569 289','patrick.robinson@yahoo.com',2860,'/image/1',1,NULL,0),(_binary 'µ\’5\n*U\Ôö\’B¨\0',NULL,_binary '$2b$12$2xak/uMszhBW33DaP/iXmuibYzo6FoHhyKg6ldcvZFNVL5xATC252','Jeremy','Gardner','0492 478 771','jeremy.gardner@outlook.com',2649,'/image/1',1,NULL,0),(_binary 'µ\’5L*U\Ôö\’B¨\0',NULL,_binary '$2b$12$ujCXzrQ0UbXXz8u62zOLou9IgDXHHmmhIdX9RbVgfoAjVjkNHGGei','Jennifer','Ward','0459 337 157','jennifer.ward@gmail.com',2665,'/image/1',1,NULL,0),(_binary 'µ\’5ã*U\Ôö\’B¨\0',NULL,_binary '$2b$12$qWKGJFNheLCcPJKdLbbBP.sa6gK.f0eJSTKOLTcYI59s1AsHGVxOS','Jeremy','Wilson','0458 753 322','jeremy.wilson@outlook.com',2680,'/image/1',1,NULL,0),(_binary 'µ\’5\œ*U\Ôö\’B¨\0',NULL,_binary '$2b$12$5S3lunTIPm2guKRajspbvu47N1Gh9J9K2UCtJjRk7yCx5BdJPBmVG','Brandy','Perez','0485 597 822','brandy.perez@gmail.com',2145,'/image/1',1,NULL,0),(_binary 'µ\’6*U\Ôö\’B¨\0',NULL,_binary '$2b$12$W.dWi372oEguRY4dQ.m5juVySMvP/787BFlF68BFUv3tZwWvn/I46','Collin','Greer','0479 835 777','collin.greer@yahoo.com',4632,'/image/1',1,NULL,0),(_binary 'µ\’6É*U\Ôö\’B¨\0',NULL,_binary '$2b$12$AbyR8lSaYsYq/Nu544uVMuzBbXxFmwcaNDBfgsjtqUcQrRkAAsKm.','Miranda','Warren','0419 712 194','miranda.warren@gmail.com',2918,'/image/1',1,NULL,0),(_binary 'µ\’6\≈*U\Ôö\’B¨\0',NULL,_binary '$2b$12$ovufIE6CKMGYga8dX6dhZOz4VjH/SwerjdAyPed53qPw42Msr5acG','Taylor','Mccormick','0496 584 738','taylor.mccormick@icloud.com',2347,'/image/1',1,NULL,0),(_binary 'µ\’7*U\Ôö\’B¨\0',NULL,_binary '$2b$12$z4VaAqE7VDhTP1Be7W3zouU6Q7ttGaZln4nKSmeMxj6wfctR3p61m','Brenda','Cunningham','0449 231 765','brenda.cunningham@icloud.com',2603,'/image/1',1,NULL,0),(_binary 'µ\’7A*U\Ôö\’B¨\0',NULL,_binary '$2b$12$mSzzKGjQaGNqA9EyaysHG.mJ6ZXwA1XfMJConDIAce4Gdw/6UkS9i','Todd','Garrett','0449 645 555','todd.garrett@gmail.com',2616,'/image/1',1,NULL,0),(_binary 'µ\’7Å*U\Ôö\’B¨\0',NULL,_binary '$2b$12$qjO2EjFGhJ54G9coeUEfi.LovkInCu2cjl8yKySr5bPx7GOjeCLDq','Steven','Gilmore','0495 148 987','steven.gilmore@yahoo.com',2639,'/image/1',1,NULL,0),(_binary 'µ\’7ø*U\Ôö\’B¨\0',NULL,_binary '$2b$12$XWwXZyxSnLuMDD0ScESXi.iJ9bhGPSIpHyA2dQqageybzS1LbYBwu','Leslie','Barker','0432 358 961','leslie.barker@outlook.com',2838,'/image/1',1,NULL,0),(_binary 'µ\’7˝*U\Ôö\’B¨\0',NULL,_binary '$2b$12$1af5w3upT0pSRZDWftGJ2.04t.ChVb7PPPgj1xMrlO/KzE279CTsK','Daniel','Schultz','0473 451 115','daniel.schultz@icloud.com',5969,'/image/1',1,NULL,0),(_binary 'µ\’8;*U\Ôö\’B¨\0',NULL,_binary '$2b$12$D8RGw7pFKXH.0LRGk44cMebL2bPXBEpknkBnue0iGtTnBveupEJii','Kayla','Rogers','0433 911 507','kayla.rogers@gmail.com',2357,'/image/1',1,NULL,0),(_binary 'µ\’8x*U\Ôö\’B¨\0',NULL,_binary '$2b$12$5MvFJh1f9CaONJohPvujzOundMYNXZdsXW75DKB8khxVd1bfyE.XK','Robert','Dunlap','0409 961 437','robert.dunlap@icloud.com',2931,'/image/1',1,NULL,0),(_binary 'µ\’8∏*U\Ôö\’B¨\0',NULL,_binary '$2b$12$dn6N1ynB6otbM1.VwSWsXuGDc/pqcPPJQTVp2osMHeYLRLIrBP8f.','Anna','Eaton','0421 795 113','anna.eaton@gmail.com',2671,'/image/1',1,NULL,0),(_binary 'µ\’8\ˆ*U\Ôö\’B¨\0',NULL,_binary '$2b$12$.VXzt.o8SY5skPMiyBkhFeYSGx9wX.SJilakbOyXHjB8iIXdUrvsK','Timothy','Martin','0452 843 786','timothy.martin@icloud.com',2601,'/image/1',1,NULL,0),(_binary 'µ\’94*U\Ôö\’B¨\0',NULL,_binary '$2b$12$iTRrq2NKzUkUVRxtzXJj9enSK6NO5ce/tqkrSRe3GLYqGsDaH2MuK','Manuel','Garrett','0415 293 313','manuel.garrett@gmail.com',9688,'/image/1',1,NULL,0),(_binary 'µ\’”¥*U\Ôö\’B¨\0',NULL,_binary '$2b$12$urX1xpFEEkrx6edX2VGcxOOGuEN5.EyT8mgQ4YaFTMFWgiqixs3Au','Frank','Holt','0424 105 899','frank.holt@outlook.com',1368,'/image/1',1,NULL,0),(_binary 'µ\’‘â*U\Ôö\’B¨\0',NULL,_binary '$2b$12$lOqH1bLzGqrXG8NDIvVMf.ocsH6.JsjMpYRfWmS32S/oC92Bii2Ai','Peter','Kelley','0412 274 149','peter.kelley@yahoo.com',2649,'/image/1',1,NULL,0),(_binary 'µ\’\‘\‡*U\Ôö\’B¨\0',NULL,_binary '$2b$12$xu4aqOt2mTurgf/U6AtI7./SbRhlJU88EGot93fRHu4DOy3ldOA.i','Allen','Williams','0425 610 688','allen.williams@outlook.com',5004,'/image/1',1,NULL,0),(_binary 'µ\’\’8*U\Ôö\’B¨\0',NULL,_binary '$2b$12$lWmimu5ARAkkvfnuLbTC5uWktXG8srW0ybzxi1LYCuIub3dfhaZY6','Monica','Campbell','0477 434 682','monica.campbell@gmail.com',7642,'/image/1',1,NULL,0),(_binary 'µ\’’Ç*U\Ôö\’B¨\0',NULL,_binary '$2b$12$Kq5CfxX0SPFf70cB.PULl.UROSUK2DIlGhhc//OeBfue8BrOF29wy','Monica','Kane','0428 721 483','monica.kane@icloud.com',2619,'/image/1',1,NULL,0),(_binary 'µ\’\’\»*U\Ôö\’B¨\0',NULL,_binary '$2b$12$SFei01r8a3Da1xxZNUc7iO.1Q9TR1uPQ09.dw/iJY1OqU4aPt6KCS','Gary','Walker','0494 963 813','gary.walker@yahoo.com',964,'/image/1',1,NULL,0),(_binary 'µ\◊\€\≈*U\Ôö\’B¨\0',NULL,_binary '$2b$12$nYduxu.9ZjmCBXFzhRLRr./Vc9BuUUL3x1r4Mtxf.zkHwdLCp7XX.','Adelaide Mealmates','Manager','0485 861 480','adelaide.mealmates@mealmates.com',2666,'/image/1',1,1,0),(_binary 'µ\◊ﬁú*U\Ôö\’B¨\0',NULL,_binary '$2b$12$Aub8H7gwsx35prZk2d8abOCROZUcWROmSU5Mx4ir8w5L/QEe64Gxu','Sydney Mealmates','Manager','0479 382 121','sydney.mealmates@mealmates.com',2629,'/image/1',1,2,0),(_binary 'µ\◊\ﬂ*U\Ôö\’B¨\0',NULL,_binary '$2b$12$wSeOwdlXpA3oylnl4.XFAO8ctHrgx643ToJavvHPQowlUySG95LN6','Melbourne Mealmates','Manager','0484 923 991','melbourne.mealmates@mealmates.com',2670,'/image/1',1,3,0),(_binary 'µ\◊\ﬂe*U\Ôö\’B¨\0',NULL,_binary '$2b$12$gT3QDLHIKyM4LNR.Dl55/OWgKYM4N8/BoWNSsVs/YP3zwnD/gF61G','Brisbane Mealmates','Manager','0418 660 157','brisbane.mealmates@mealmates.com',2841,'/image/1',1,4,0),(_binary 'µ\◊ﬂ¥*U\Ôö\’B¨\0',NULL,_binary '$2b$12$TAGNBiQD6Wyk/VFClGE3/..WxRoZuqzRAUxckb4xNyswWqf22nMuG','Perth Mealmates','Manager','0414 385 978','perth.mealmates@mealmates.com',2684,'/image/1',1,5,0),(_binary 'µ\◊\‡\0*U\Ôö\’B¨\0',NULL,_binary '$2b$12$9M8mEFLNJq6zlflhg6iSLuo5Nx6iOlCHehiHXauiAu2IAZkm7B1Bm','Canberra Mealmates','Manager','0446 530 413','canberra.mealmates@mealmates.com',2930,'/image/1',1,6,0),(_binary 'µ\◊\‡P*U\Ôö\’B¨\0',NULL,_binary '$2b$12$vbHGAWVsCW89lcqstsNr4e1CY2qEDCkoE6VQ7B9Qe4nduGQZ1AP1.','Hobart Mealmates','Manager','0465 563 398','hobart.mealmates@mealmates.com',2692,'/image/1',1,7,0),(_binary 'µ\◊\‡ú*U\Ôö\’B¨\0',NULL,_binary '$2b$12$F9/mRct3y5qDPzUoGXaBiOlR0tUYjXGiIJxX7kwnClM4ULW6N35kG','Darwin Mealmates','Manager','0443 315 534','darwin.mealmates@mealmates.com',2451,'/image/1',1,8,0),(_binary 'µ\◊\‡\Î*U\Ôö\’B¨\0',NULL,_binary '$2b$12$W669quCBIxtPNq2JR4G5AeZRJ42gYA9pkA7vbtIEU6VvbtwJrX0xq','Gold Coast Mealmates','Manager','0469 794 557','gold.coast.mealmates@mealmates.com',2693,'/image/1',1,9,0),(_binary 'µ\◊\·>*U\Ôö\’B¨\0',NULL,_binary '$2b$12$0qw.1aU5JIkOdco7p3ybDOUdnUcHs6eItuNh0qu1uq357mjVzaVSu','Newcastle Mealmates','Manager','0484 401 788','newcastle.mealmates@mealmates.com',5364,'/image/1',1,10,0),(_binary 'µ\Ÿ\Ù**U\Ôö\’B¨\0',NULL,_binary '$2b$12$rt0DW5.ZgFSmg1MWv036VerfnUfPj.UsKm9sJv9Ta/QmxrzJ07QNq','System','Admin','0401 900 655','admin@mealmates.com',5000,'/image/1',1,NULL,1);
/*!40000 ALTER TABLE `users` ENABLE KEYS */;
UNLOCK TABLES;
/*!40103 SET TIME_ZONE=@OLD_TIME_ZONE */;

/*!40101 SET SQL_MODE=@OLD_SQL_MODE */;
/*!40014 SET FOREIGN_KEY_CHECKS=@OLD_FOREIGN_KEY_CHECKS */;
/*!40014 SET UNIQUE_CHECKS=@OLD_UNIQUE_CHECKS */;
/*!40101 SET CHARACTER_SET_CLIENT=@OLD_CHARACTER_SET_CLIENT */;
/*!40101 SET CHARACTER_SET_RESULTS=@OLD_CHARACTER_SET_RESULTS */;
/*!40101 SET COLLATION_CONNECTION=@OLD_COLLATION_CONNECTION */;
/*!40111 SET SQL_NOTES=@OLD_SQL_NOTES */;

-- Dump completed on 2024-06-14 13:55:34
